VentureID,typeofcashflow,specification,value,meansofpaymentreturn,intermediarytradingoperation,estimate,dateoftransaction,timing,currency,remarks
GK001,Expenditure,Value of ship before departure,30000,,,,,Outfitting,Dutch Guilder,
GK001,Expenditure,Outfitting costs,13115,,,,,Outfitting,Dutch Guilder,
GK001,Expenditure,Advance crew payment,1719,,,,,Outfitting,Dutch Guilder,
GK001,Expenditure,Insurance hull,1664,,,,,Outfitting,Dutch Guilder,
GK001,Expenditure,Insurance cargo,1301,,,,,Outfitting,Dutch Guilder,
GK001,Expenditure,Trade cargo costs,56459,,,,,Outfitting,Dutch Guilder,
GK001,Expenditure,Other expenses,9019,,,,,Outfitting,Dutch Guilder,
GK001,Return,Value of ship after voyage,27000,,,,,Return,Dutch Guilder,
GK001,Return,Bills of exchange sold,97062,,,,,Return,Dutch Guilder,
GK001,Expenditure,Wages crew (including bonuses),10958,,,,,Return,Dutch Guilder,
GK001,Expenditure,Other expenses,1259,,,,,Return,Dutch Guilder,
GK002,Expenditure,Value of ship before departure,27000,,,,,Outfitting,Dutch Guilder,
GK002,Expenditure,Outfitting costs,15888,,,,,Outfitting,Dutch Guilder,
GK002,Expenditure,Advance crew payment,1772,,,,,Outfitting,Dutch Guilder,
GK002,Expenditure,Insurance hull,1659,,,,,Outfitting,Dutch Guilder,
GK002,Expenditure,Insurance cargo,1485,,,,,Outfitting,Dutch Guilder,
GK002,Expenditure,Trade cargo costs,56167,,,,,Outfitting,Dutch Guilder,
GK002,Expenditure,Other expenses,8047,,,,,Outfitting,Dutch Guilder,
GK002,Return,Value of ship after voyage,24000,,,,,Return,Dutch Guilder,
GK002,Return,Bills of exchange sold,39058,,,,,Return,Dutch Guilder,
GK002,Return,Outstanding claims in colony,60489,credit,,,,Return,Dutch Guilder,
GK002,Return,Freight and passengers,5393,,,,,Return,Dutch Guilder,
GK002,Expenditure,Wages crew (including bonuses),13217,,,,,Return,Dutch Guilder,
GK002,Expenditure,Insurance on return,45,,,,,Return,Dutch Guilder,
GK002,Expenditure,Other expenses,3428,,,,,Return,Dutch Guilder,
GK003,Expenditure,Value of ship before departure,24000,,,,,Outfitting,Dutch Guilder,
GK003,Expenditure,Outfitting costs,16238,,,,,Outfitting,Dutch Guilder,
GK003,Expenditure,Advance crew payment,2476,,,,,Outfitting,Dutch Guilder,
GK003,Expenditure,Insurance hull,1385,,,,,Outfitting,Dutch Guilder,
GK003,Expenditure,Insurance cargo,1857,,,,,Outfitting,Dutch Guilder,
GK003,Expenditure,Trade cargo costs,49888,,,,,Outfitting,Dutch Guilder,
GK003,Expenditure,Other expenses,7834,,,,,Outfitting,Dutch Guilder,
GK003,Return,Value of ship after voyage,21000,,,,,Return,Dutch Guilder,
GK003,Return,Plantation produce received,39462,,,,,Return,Dutch Guilder,
GK003,Return,Outstanding claims in colony,32552,credit,,,,Return,Dutch Guilder,
GK003,Return,African goods sold,13875,,,,,Return,Dutch Guilder,
GK003,Expenditure,Wages crew (including bonuses),10031,,,,,Return,Dutch Guilder,
GK003,Expenditure,Insurance on return,1269,,,,,Return,Dutch Guilder,
GK003,Expenditure,Other expenses,754,,,,,Return,Dutch Guilder,
GK004,Expenditure,Value of ship before departure,20400,,,,,Outfitting,Dutch Guilder,
GK004,Expenditure,Outfitting costs,20010,,,,,Outfitting,Dutch Guilder,
GK004,Expenditure,Advance crew payment,2081,,,,,Outfitting,Dutch Guilder,
GK004,Expenditure,Insurance hull,588,,,,,Outfitting,Dutch Guilder,
GK004,Expenditure,Insurance cargo,2935,,,,,Outfitting,Dutch Guilder,
GK004,Expenditure,Trade cargo costs,49317,,,,,Outfitting,Dutch Guilder,
GK004,Expenditure,Other expenses,7446,,,,,Outfitting,Dutch Guilder,
GK004,Return,Value of ship after voyage,18000,,,,,Return,Dutch Guilder,
GK004,Return,Bills of exchange sold,62990,,,,,Return,Dutch Guilder,
GK004,Return,Plantation produce received,4838,,,,,Return,Dutch Guilder,
GK004,Return,Outstanding debts in colony,12230,,,,,Return,Dutch Guilder,
GK004,Return,Freight and passengers,200,,,,,Return,Dutch Guilder,
GK004,Return,African goods sold,15579,,,,,Return,Dutch Guilder,
GK004,Return,Returned trade cargo,81,,,,,Return,Dutch Guilder,
GK004,Expenditure,Wages crew (including bonuses),12422,,,,,Return,Dutch Guilder,
GK004,Expenditure,Other expenses,506,,,,,Return,Dutch Guilder,
GK004,Expenditure,Costs payable to correspondent,2000,credit,,,,Return,Dutch Guilder,
GK005,Expenditure,Value of ship before departure,42000,,,,,Outfitting,Dutch Guilder,
GK005,Expenditure,Outfitting costs,26560,,,,,Outfitting,Dutch Guilder,
GK005,Expenditure,Advance crew payment,1607,,,,,Outfitting,Dutch Guilder,
GK005,Expenditure,Insurance hull,3782,,,,,Outfitting,Dutch Guilder,
GK005,Expenditure,Insurance cargo,4042,,,,,Outfitting,Dutch Guilder,
GK005,Expenditure,Trade cargo costs,39443,,,,,Outfitting,Dutch Guilder,
GK005,Expenditure,Other expenses,4251,,,,,Outfitting,Dutch Guilder,
GK005,Return,Value of ship after voyage,21000,,,,,Return,Dutch Guilder,
GK005,Return,Bills of exchange sold,112223,,,,,Return,Dutch Guilder,
GK005,Return,Freight and passengers,10350,,,,,Return,Dutch Guilder,
GK005,Expenditure,Wages crew (including bonuses),18907,,,,,Return,Dutch Guilder,
GK005,Expenditure,Insurance on return,384,,,,,Return,Dutch Guilder,
GK005,Expenditure,Other expenses,2349,,,,,Return,Dutch Guilder,
GK006,Expenditure,Value of ship before departure,15000,,,,,Outfitting,Dutch Guilder,
GK006,Expenditure,Outfitting costs,13801,,,,,Outfitting,Dutch Guilder,
GK006,Expenditure,Advance crew payment,1535,,,,,Outfitting,Dutch Guilder,
GK006,Expenditure,Insurance hull,1824,,,,,Outfitting,Dutch Guilder,
GK006,Expenditure,Insurance cargo,1468,,,,,Outfitting,Dutch Guilder,
GK006,Expenditure,Trade cargo costs,27157,,,,,Outfitting,Dutch Guilder,
GK006,Expenditure,Other expenses,5693,,,,,Outfitting,Dutch Guilder,
GK006,Return,Value of ship after voyage,12000,,,,,Return,Dutch Guilder,
GK006,Return,Bills of exchange sold,55403,,,,,Return,Dutch Guilder,
GK006,Return,Outstanding claims,466,credit,,,,Return,Dutch Guilder,Claim on ship captain
GK006,Return,Freight and passengers,492,,,,,Return,Dutch Guilder,
GK006,Return,Returned trade cargo,32,,,,,Return,Dutch Guilder,
GK006,Expenditure,Wages crew (including bonuses),8690,,,,,Return,Dutch Guilder,
GK006,Expenditure,Other expenses,305,,,,,Return,Dutch Guilder,
GK007,Expenditure,Value of ship before departure,12000,,,,,Outfitting,Dutch Guilder,
GK007,Expenditure,Outfitting costs,11094,,,,,Outfitting,Dutch Guilder,
GK007,Expenditure,Advance crew payment,2146,,,,,Outfitting,Dutch Guilder,
GK007,Expenditure,Insurance hull,1339,,,,,Outfitting,Dutch Guilder,
GK007,Expenditure,Insurance cargo,1468,,,,,Outfitting,Dutch Guilder,
GK007,Expenditure,Trade cargo costs,30915,,,,,Outfitting,Dutch Guilder,
GK007,Expenditure,Other expenses,6495,,,,,Outfitting,Dutch Guilder,
GK007,Return,Value of ship after voyage,9000,,,,,Return,Dutch Guilder,
GK007,Return,Bills of exchange sold,45132,,,,,Return,Dutch Guilder,
GK007,Return,Plantation produce received,39199,,,,,Return,Dutch Guilder,
GK007,Return,Insurance claim,4095,,,,,Return,Dutch Guilder,
GK007,Expenditure,Wages crew (including bonuses),17458,,,,,Return,Dutch Guilder,
GK007,Expenditure,Other expenses,14099,,,,,Return,Dutch Guilder,
GK008,Expenditure,Outfitting costs,25853,,,,,Outfitting,Dutch Guilder,
GK008,Expenditure,Advance crew payment,1554,,,,,Outfitting,Dutch Guilder,
GK008,Expenditure,Insurance hull,1346,,,,,Outfitting,Dutch Guilder,
GK008,Expenditure,Insurance cargo,1116,,,,,Outfitting,Dutch Guilder,
GK008,Expenditure,Trade cargo costs,35044,,,,,Outfitting,Dutch Guilder,
GK008,Expenditure,Other expenses,5958,,,,,Outfitting,Dutch Guilder,
GK008,Return,Value of ship after voyage,9000,,,,,Return,Dutch Guilder,
GK008,Return,Bills of exchange sold,75409,,,,,Return,Dutch Guilder,
GK008,Return,Plantation produce received,1745,,,,,Return,Dutch Guilder,
GK008,Return,Cash received,346,,,,,Return,Dutch Guilder,
GK008,Return,Freight and passengers,3182,,,,,Return,Dutch Guilder,
GK008,Return,African goods sold,5444,,,,,Return,Dutch Guilder,
GK008,Return,Insurance claim,3396,,,,,Return,Dutch Guilder,
GK008,Return,Sold equipment,156,,,,,Return,Dutch Guilder,
GK008,Return,Returned trade cargo,449,,,,,Return,Dutch Guilder,
GK008,Expenditure,Wages crew (including bonuses),12833,,,,,Return,Dutch Guilder,
GK008,Expenditure,Other expenses,2102,,,,,Return,Dutch Guilder,
GK009,Expenditure,Value of ship before departure,9000,,,,,Outfitting,Dutch Guilder,
GK009,Expenditure,Outfitting costs,15019,,,,,Outfitting,Dutch Guilder,
GK009,Expenditure,Advance crew payment,1550,,,,,Outfitting,Dutch Guilder,
GK009,Expenditure,Insurance hull,829,,,,,Outfitting,Dutch Guilder,
GK009,Expenditure,Insurance cargo,1113,,,,,Outfitting,Dutch Guilder,
GK009,Expenditure,Trade cargo costs,33095,,,,,Outfitting,Dutch Guilder,
GK009,Expenditure,Other expenses,6471,,,,,Outfitting,Dutch Guilder,
GK009,Return,Value of ship after voyage,10440,,,,,Return,Dutch Guilder,
GK009,Return,Bills of exchange sold,54474,,,,,Return,Dutch Guilder,
GK009,Return,Plantation produce received,91,,,,,Return,Dutch Guilder,
GK009,Return,Outstanding claims,4049,credit,,,,Return,Dutch Guilder,
GK009,Return,Freight and passengers,3133,,,,,Return,Dutch Guilder,
GK009,Return,African goods sold,51,,,,,Return,Dutch Guilder,
GK009,Return,Insurance claim,1123,,,,,Return,Dutch Guilder,
GK009,Return,Returned trade cargo,1503,,,,,Return,Dutch Guilder,
GK009,Expenditure,Wages crew (including bonuses),13971,,,,,Return,Dutch Guilder,
GK009,Expenditure,Insurance on return,1353,,,,,Return,Dutch Guilder,
GK009,Expenditure,Other expenses,1502,,,,,Return,Dutch Guilder,
GK010,Expenditure,Value of ship before departure,10440,,,,,Outfitting,Dutch Guilder,
GK010,Expenditure,Outfitting costs,17182,,,,,Outfitting,Dutch Guilder,
GK010,Expenditure,Advance crew payment,1605,,,,,Outfitting,Dutch Guilder,
GK010,Expenditure,Insurance hull,832,,,,,Outfitting,Dutch Guilder,
GK010,Expenditure,Insurance cargo,1235,,,,,Outfitting,Dutch Guilder,
GK010,Expenditure,Trade cargo costs,41971,,,,,Outfitting,Dutch Guilder,
GK010,Expenditure,Other expenses,6832,,,,,Outfitting,Dutch Guilder,
GK010,Return,Bills of exchange sold,67808,,,,,Return,Dutch Guilder,
GK010,Return,Insurance claim,8713,,,,,Return,Dutch Guilder,
GK010,Expenditure,Wages crew (including bonuses),6741,,,,,Return,Dutch Guilder,
GK010,Expenditure,Other expenses,1134,,,,,Return,Dutch Guilder,
GK011,Expenditure,Value of ship before departure,33000,,,,,Outfitting,Dutch Guilder,
GK011,Expenditure,Outfitting costs,19439,,,,,Outfitting,Dutch Guilder,
GK011,Expenditure,Advance crew payment,1913,,,,,Outfitting,Dutch Guilder,
GK011,Expenditure,Insurance hull,1296,,,,,Outfitting,Dutch Guilder,
GK011,Expenditure,Insurance cargo,1413,,,,,Outfitting,Dutch Guilder,
GK011,Expenditure,Trade cargo costs,46582,,,,,Outfitting,Dutch Guilder,
GK011,Expenditure,Other expenses,7504,,,,,Outfitting,Dutch Guilder,
GK011,Return,Value of ship after voyage,30000,,,,,Return,Dutch Guilder,
GK011,Return,Bills of exchange sold,17478,,,,,Return,Dutch Guilder,
GK011,Return,Bills of exchange protested,3739,,,,,Return,Dutch Guilder,
GK011,Return,Outstanding debts in colony,83195,credit,,,,Return,Dutch Guilder,
GK011,Return,Freight and passengers,100,,,,,Return,Dutch Guilder,
GK011,Return,African goods sold,394,,,,,Return,Dutch Guilder,
GK011,Return,Returned trade cargo,109,,,,,Return,Dutch Guilder,
GK011,Expenditure,Wages crew (including bonuses),14094,,,,,Return,Dutch Guilder,
GK011,Expenditure,Other expenses,2436,,,,,Return,Dutch Guilder,
GK012,Expenditure,Value of ship before departure,30000,,,,,Outfitting,Dutch Guilder,
GK012,Expenditure,Outfitting costs,14934,,,,,Outfitting,Dutch Guilder,
GK012,Expenditure,Advance crew payment,1846,,,,,Outfitting,Dutch Guilder,
GK012,Expenditure,Insurance hull,1669,,,,,Outfitting,Dutch Guilder,
GK012,Expenditure,Insurance cargo,1305,,,,,Outfitting,Dutch Guilder,
GK012,Expenditure,Trade cargo costs,53005,,,,,Outfitting,Dutch Guilder,
GK012,Expenditure,Other expenses,8149,,,,,Outfitting,Dutch Guilder,
GK012,Return,Value of ship after voyage,27000,,,,,Return,Dutch Guilder,
GK012,Return,Bills of exchange sold,75534,,,,,Return,Dutch Guilder,
GK012,Return,Bills of exchange protested,20739,,,,,Return,Dutch Guilder,
GK012,Return,Outstanding debts in colony,11126,credit,,,,Return,Dutch Guilder,
GK012,Return,Returned trade cargo,285,,,,,Return,Dutch Guilder,
GK012,Expenditure,Wages crew (including bonuses),11170,,,,,Return,Dutch Guilder,
GK012,Expenditure,Other expenses,1493,,,,,Return,Dutch Guilder,
GK013,Expenditure,Value of ship before departure,27000,,,,,Outfitting,Dutch Guilder,
GK013,Expenditure,Outfitting costs,16191,,,,,Outfitting,Dutch Guilder,
GK013,Expenditure,Advance crew payment,1742,,,,,Outfitting,Dutch Guilder,
GK013,Expenditure,Insurance hull,1686,,,,,Outfitting,Dutch Guilder,
GK013,Expenditure,Insurance cargo,1425,,,,,Outfitting,Dutch Guilder,
GK013,Expenditure,Trade cargo costs,50805,,,,,Outfitting,Dutch Guilder,
GK013,Expenditure,Other expenses,8969,,,,,Outfitting,Dutch Guilder,
GK013,Return,Value of ship after voyage,24000,,,,,Return,Dutch Guilder,
GK013,Return,Plantation produce received,67557,,,,,Return,Dutch Guilder,
GK013,Return,Freight and passengers,1937,,,,,Return,Dutch Guilder,
GK013,Expenditure,Wages crew (including bonuses),13085,,,,,Return,Dutch Guilder,
GK013,Expenditure,Insurance on return,830,,,,,Return,Dutch Guilder,
GK013,Expenditure,Other expenses,3621,,,,,Return,Dutch Guilder,
GK014,Expenditure,Value of ship before departure,24000,,,,,Outfitting,Dutch Guilder,
GK014,Expenditure,Outfitting costs,20559,,,,,Outfitting,Dutch Guilder,
GK014,Expenditure,Advance crew payment,1884,,,,,Outfitting,Dutch Guilder,
GK014,Expenditure,Insurance hull,1555,,,,,Outfitting,Dutch Guilder,
GK014,Expenditure,Insurance cargo,1706,,,,,Outfitting,Dutch Guilder,
GK014,Expenditure,Trade cargo costs,65022,,,,,Outfitting,Dutch Guilder,
GK014,Expenditure,Other expenses,8151,,,,,Outfitting,Dutch Guilder,
GK014,Return,Value of ship after voyage,21000,,,,,Return,Dutch Guilder,
GK014,Return,Bills of exchange sold,40386,,,,,Return,Dutch Guilder,
GK014,Return,Plantation produce received,28742,,,,,Return,Dutch Guilder,
GK014,Return,Outstanding debts in colony,22472,credit,,,,Return,Dutch Guilder,
GK014,Return,Cash received,546,,,,,Return,Dutch Guilder,
GK014,Return,Freight and passengers,10,,,,,Return,Dutch Guilder,
GK014,Return,African goods sold,27111,,,,,Return,Dutch Guilder,
GK014,Return,Returned trade cargo,1041,,,,,Return,Dutch Guilder,
GK014,Expenditure,Wages crew (including bonuses),14871,,,,,Return,Dutch Guilder,
GK014,Expenditure,Insurance on return,573,,,,,Return,Dutch Guilder,
GK014,Expenditure,Other expenses,6299,,,,,Return,Dutch Guilder,
GK015,Expenditure,Value of ship before departure,21000,,,,,Outfitting,Dutch Guilder,
GK015,Expenditure,Outfitting costs,20493,,,,,Outfitting,Dutch Guilder,
GK015,Expenditure,Advance crew payment,2001,,,,,Outfitting,Dutch Guilder,
GK015,Expenditure,Insurance hull,1085,,,,,Outfitting,Dutch Guilder,
GK015,Expenditure,Insurance cargo,2142,,,,,Outfitting,Dutch Guilder,
GK015,Expenditure,Trade cargo costs,52863,,,,,Outfitting,Dutch Guilder,
GK015,Expenditure,Other expenses,7933,,,,,Outfitting,Dutch Guilder,
GK015,Return,Value of ship after voyage,18000,,,,,Return,Dutch Guilder,
GK015,Return,Bills of exchange sold,43365,,,,,Return,Dutch Guilder,
GK015,Return,Plantation produce received,68484,,,,,Return,Dutch Guilder,
GK015,Return,Outstanding debts in colony,812,credit,,,,Return,Dutch Guilder,
GK015,Return,Freight and passengers,1273,,,,,Return,Dutch Guilder,
GK015,Return,African goods sold,4122,,,,,Return,Dutch Guilder,
GK015,Expenditure,Wages crew (including bonuses),14484,,,,,Return,Dutch Guilder,
GK015,Expenditure,Insurance on return,1702,,,,,Return,Dutch Guilder,
GK015,Expenditure,Other expenses,3965,,,,,Return,Dutch Guilder,
GK016,Expenditure,Value of ship before departure,18000,,,,,Outfitting,Dutch Guilder,
GK016,Expenditure,Outfitting costs,23035,,,,,Outfitting,Dutch Guilder,
GK016,Expenditure,Advance crew payment,3033,,,,,Outfitting,Dutch Guilder,
GK016,Expenditure,Insurance hull,2251,,,,,Outfitting,Dutch Guilder,
GK016,Expenditure,Insurance cargo,3566,,,,,Outfitting,Dutch Guilder,
GK016,Expenditure,Trade cargo costs,43384,,,,,Outfitting,Dutch Guilder,
GK016,Expenditure,Other expenses,9329,,,,,Outfitting,Dutch Guilder,
GK016,Return,Bills of exchange sold,50655,,,,,Return,Dutch Guilder,
GK016,Return,Plantation produce received,8534,,,,,Return,Dutch Guilder,
GK016,Return,Outstanding debts in colony,1017,credit,,,,Return,Dutch Guilder,
GK016,Return,African goods sold,11936,,,,,Return,Dutch Guilder,
GK016,Return,Returned trade cargo,2554,,,,,Return,Dutch Guilder,
GK016,Expenditure,Wages crew (including bonuses),15550,,,,,Return,Dutch Guilder,
GK016,Expenditure,Insurance on return,1164,,,,,Return,Dutch Guilder,
GK016,Expenditure,Other expenses,2215,,,,,Return,Dutch Guilder,
GK017,Expenditure,Value of ship before departure,12000,,,,,Outfitting,Dutch Guilder,
GK017,Expenditure,Outfitting costs,14947,,,,,Outfitting,Dutch Guilder,
GK017,Expenditure,Advance crew payment,688,,,,,Outfitting,Dutch Guilder,
GK017,Expenditure,Insurance hull,834,,,,,Outfitting,Dutch Guilder,
GK017,Expenditure,Insurance cargo,1658,,,,,Outfitting,Dutch Guilder,
GK017,Expenditure,Trade cargo costs,25832,,,,,Outfitting,Dutch Guilder,
GK017,Expenditure,Other expenses,4458,,,,,Outfitting,Dutch Guilder,
GK017,Return,Value of ship after voyage,9000,,,,,Return,Dutch Guilder,
GK017,Return,Bills of exchange sold,43972,,,,,Return,Dutch Guilder,
GK017,Return,Freight and passengers,5602,,,,,Return,Dutch Guilder,
GK017,Return,African goods sold,5376,,,,,Return,Dutch Guilder,
GK017,Return,Returned trade cargo,263,,,,,Return,Dutch Guilder,
GK017,Expenditure,Wages crew (including bonuses),10796,,,,,Return,Dutch Guilder,
GK017,Expenditure,Other expenses,1820,,,,,Return,Dutch Guilder,
GK018,Expenditure,Value of ship before departure,9000,,,,,Outfitting,Dutch Guilder,
GK018,Expenditure,Outfitting costs,9621,,,,,Outfitting,Dutch Guilder,
GK018,Expenditure,Advance crew payment,594,,,,,Outfitting,Dutch Guilder,
GK018,Expenditure,Insurance hull,825,,,,,Outfitting,Dutch Guilder,
GK018,Expenditure,Insurance cargo,1470,,,,,Outfitting,Dutch Guilder,
GK018,Expenditure,Trade cargo costs,26955,,,,,Outfitting,Dutch Guilder,
GK018,Expenditure,Other expenses,4393,,,,,Outfitting,Dutch Guilder,
GK018,Return,Value of ship after voyage,6000,,,,,Return,Dutch Guilder,
GK018,Return,Bills of exchange sold,79913,,,,,Return,Dutch Guilder,
GK018,Return,Freight and passengers,5089,,,,,Return,Dutch Guilder,
GK018,Return,African goods sold,3744,,,,,Return,Dutch Guilder,
GK018,Return,Returned trade cargo,106,,,,,Return,Dutch Guilder,
GK018,Expenditure,Wages crew (including bonuses),11601,,,,,Return,Dutch Guilder,
GK018,Expenditure,Other expenses,8704,,,,,Return,Dutch Guilder,
GK019,Expenditure,Value of ship before departure,6000,,,,,Outfitting,Dutch Guilder,
GK019,Expenditure,Outfitting costs,8993,,,,,Outfitting,Dutch Guilder,
GK019,Expenditure,Advance crew payment,1270,,,,,Outfitting,Dutch Guilder,
GK019,Expenditure,Insurance hull,1185,,,,,Outfitting,Dutch Guilder,
GK019,Expenditure,Insurance cargo,2446,,,,,Outfitting,Dutch Guilder,
GK019,Expenditure,Trade cargo costs,30399,,,,,Outfitting,Dutch Guilder,
GK019,Expenditure,Other expenses,11643,,,,,Outfitting,Dutch Guilder,
GK019,Return,Value of ship after voyage,5400,,,,,Return,Dutch Guilder,
GK019,Return,Bills of exchange sold,60794,,,,,Return,Dutch Guilder,
GK019,Return,Freight and passengers,6882,,,,,Return,Dutch Guilder,
GK019,Return,African goods sold,25119,,,,,Return,Dutch Guilder,
GK019,Return,Returned trade cargo,393,,,,,Return,Dutch Guilder,
GK019,Expenditure,Wages crew (including bonuses),7414,,,,,Return,Dutch Guilder,
GK019,Expenditure,Insurance on return,928,,,,,Return,Dutch Guilder,
GK019,Expenditure,Other expenses,2442,,,,,Return,Dutch Guilder,
GK020,Expenditure,Value of ship before departure,2400,,,,,Outfitting,Dutch Guilder,
GK020,Expenditure,Outfitting costs,16202,,,,,Outfitting,Dutch Guilder,
GK020,Expenditure,Advance crew payment,1398,,,,,Outfitting,Dutch Guilder,
GK020,Expenditure,Insurance hull,1563,,,,,Outfitting,Dutch Guilder,
GK020,Expenditure,Insurance cargo,1923,,,,,Outfitting,Dutch Guilder,
GK020,Expenditure,Trade cargo costs,34162,,,,,Outfitting,Dutch Guilder,
GK020,Expenditure,Other expenses,4293,,,,,Outfitting,Dutch Guilder,
GK020,Return,Value of ship after voyage,4800,,,,,Return,Dutch Guilder,
GK020,Return,Bills of exchange sold,22691,,,,,Return,Dutch Guilder,
GK020,Return,Bills of exchange protested,6047,,,,,Return,Dutch Guilder,
GK020,Return,Outstanding debts in colony,3148,credit,,,,Return,Dutch Guilder,
GK020,Return,Freight and passengers,996,,,,,Return,Dutch Guilder,
GK020,Return,Returned trade cargo,150,,,,,Return,Dutch Guilder,
GK020,Expenditure,Wages crew (including bonuses),11262,,,,,Return,Dutch Guilder,
GK020,Expenditure,Other expenses,678,,,,,Return,Dutch Guilder,
GK021,Expenditure,Value of ship before departure,4800,,,,,Outfitting,Dutch Guilder,
GK021,Expenditure,Outfitting costs,12170,,,,,Outfitting,Dutch Guilder,
GK021,Expenditure,Advance crew payment,1232,,,,,Outfitting,Dutch Guilder,
GK021,Expenditure,Insurance hull,919,,,,,Outfitting,Dutch Guilder,
GK021,Expenditure,Insurance cargo,1149,,,,,Outfitting,Dutch Guilder,
GK021,Expenditure,Trade cargo costs,27209,,,,,Outfitting,Dutch Guilder,
GK021,Expenditure,Other expenses,4641,,,,,Outfitting,Dutch Guilder,
GK021,Return,Value of ship after voyage,3000,,,,,Return,Dutch Guilder,
GK021,Return,Bills of exchange sold,68479,,,,,Return,Dutch Guilder,
GK021,Return,Plantation produce received,144,,,,,Return,Dutch Guilder,
GK021,Return,Returned trade cargo,105,,,,,Return,Dutch Guilder,
GK021,Expenditure,Wages crew (including bonuses),10745,,,,,Return,Dutch Guilder,
GK021,Expenditure,Other expenses,1002,,,,,Return,Dutch Guilder,
GK022,Expenditure,Value of ship before departure,12000,,,,,Outfitting,Dutch Guilder,
GK022,Expenditure,Outfitting costs,17413,,,,,Outfitting,Dutch Guilder,
GK022,Expenditure,Advance crew payment,601,,,,,Outfitting,Dutch Guilder,
GK022,Expenditure,Insurance hull,1425,,,,,Outfitting,Dutch Guilder,
GK022,Expenditure,Insurance cargo,2190,,,,,Outfitting,Dutch Guilder,
GK022,Expenditure,Trade cargo costs,22694,,,,,Outfitting,Dutch Guilder,
GK022,Expenditure,Other expenses,4515,,,,,Outfitting,Dutch Guilder,
GK022,Return,Value of ship after voyage,10000,,,,,Return,Dutch Guilder,
GK022,Return,Bills of exchange sold,50493,,,,,Return,Dutch Guilder,
GK022,Return,Cash received,177,,,,,Return,Dutch Guilder,
GK022,Return,Freight and passengers,5387,,,,,Return,Dutch Guilder,
GK022,Return,African goods sold,12,,,,,Return,Dutch Guilder,
GK022,Return,Returned trade cargo,369,,,,,Return,Dutch Guilder,
GK022,Expenditure,Wages crew (including bonuses),10099,,,,,Return,Dutch Guilder,
GK022,Expenditure,Other expenses,2441,,,,,Return,Dutch Guilder,
GK023,Expenditure,Value of ship before departure,10000,,,,,Outfitting,Dutch Guilder,
GK023,Expenditure,Outfitting costs,10754,,,,,Outfitting,Dutch Guilder,
GK023,Expenditure,Advance crew payment,635,,,,,Outfitting,Dutch Guilder,
GK023,Expenditure,Insurance hull,0,,,,,Outfitting,Dutch Guilder,
GK023,Expenditure,Insurance cargo,1470,,,,,Outfitting,Dutch Guilder,
GK023,Expenditure,Trade cargo costs,27465,,,,,Outfitting,Dutch Guilder,
GK023,Expenditure,Other expenses,4514,,,,,Outfitting,Dutch Guilder,
GK023,Return,Value of ship after voyage,8000,,,,,Return,Dutch Guilder,
GK023,Return,Bills of exchange sold,48679,,,,,Return,Dutch Guilder,
GK023,Return,Outstanding debts in colony,97,credit,,,,Return,Dutch Guilder,
GK023,Return,Freight and passengers,1236,,,,,Return,Dutch Guilder,
GK023,Return,African goods sold,1441,,,,,Return,Dutch Guilder,
GK023,Return,Returned trade cargo,190,,,,,Return,Dutch Guilder,
GK023,Expenditure,Wages crew (including bonuses),10044,,,,,Return,Dutch Guilder,
GK023,Expenditure,Other expenses,1555,,,,,Return,Dutch Guilder,
GK024,Expenditure,Value of ship before departure,7200,,,,,Outfitting,Dutch Guilder,
GK024,Expenditure,Outfitting costs,13868,,,,,Outfitting,Dutch Guilder,
GK024,Expenditure,Advance crew payment,1609,,,,,Outfitting,Dutch Guilder,
GK024,Expenditure,Insurance hull,902,,,,,Outfitting,Dutch Guilder,
GK024,Expenditure,Insurance cargo,2703,,,,,Outfitting,Dutch Guilder,
GK024,Expenditure,Trade cargo costs,21811,,,,,Outfitting,Dutch Guilder,
GK024,Expenditure,Other expenses,4915,,,,,Outfitting,Dutch Guilder,
GK024,Return,Bills of exchange sold,53528,,,,,Return,Dutch Guilder,
GK024,Return,Outstanding debts in colony,82,,,,,Return,Dutch Guilder,
GK024,Return,Sale of ship,2927,,,,,Return,Dutch Guilder,
GK024,Return,Freight and passengers,4608,,,,,Return,Dutch Guilder,
GK024,Return,African goods sold,538,,,,,Return,Dutch Guilder,
GK024,Return,Returned trade cargo,893,,,,,Return,Dutch Guilder,
GK024,Expenditure,Wages crew (including bonuses),8018,,,,,Return,Dutch Guilder,
GK024,Expenditure,Other expenses,2088,,,,,Return,Dutch Guilder,
GK025,Expenditure,Value of ship before departure,6600,,,,,Outfitting,Dutch Guilder,
GK025,Expenditure,Outfitting costs,14278,,,,,Outfitting,Dutch Guilder,
GK025,Expenditure,Advance crew payment,912,,,,,Outfitting,Dutch Guilder,
GK025,Expenditure,Insurance hull,1099,,,,,Outfitting,Dutch Guilder,
GK025,Expenditure,Insurance cargo,1818,,,,,Outfitting,Dutch Guilder,
GK025,Expenditure,Trade cargo costs,27673,,,,,Outfitting,Dutch Guilder,
GK025,Expenditure,Other expenses,3687,,,,,Outfitting,Dutch Guilder,
GK025,Return,Value of ship after voyage,6000,,,,,Return,Dutch Guilder,
GK025,Return,Bills of exchange sold,42106,,,,,Return,Dutch Guilder,
GK025,Return,Sale of African ivory ,3766,,,,,Return,Dutch Guilder,
GK025,Return,Outstanding debts in colony,239,credit,,,,Return,Dutch Guilder,
GK025,Return,Freight and passengers,5285,,,,,Return,Dutch Guilder,
GK025,Return,Returned trade cargo,612,,,,,Return,Dutch Guilder,
GK025,Expenditure,Wages crew (including bonuses),8445,,,,,Return,Dutch Guilder,
GK025,Expenditure,Other expenses,1053,,,,,Return,Dutch Guilder,
GK026,Expenditure,Value of ship before departure,33000,,,,,Outfitting,Dutch Guilder,
GK026,Expenditure,Outfitting costs,15120,,,,,Outfitting,Dutch Guilder,
GK026,Expenditure,Insurance cargo,1108,,,,,Outfitting,Dutch Guilder,
GK026,Expenditure,Trade cargo costs,41319,,,,,Outfitting,Dutch Guilder,
GK026,Expenditure,Other expenses,7821,,,,,Outfitting,Dutch Guilder,
GK026,Return,Value of ship after voyage,30000,,,,,Return,Dutch Guilder,
GK026,Return,Bills of exchange sold,57388,,,,,Return,Dutch Guilder,
GK026,Return,Bills of exchange protested,9766,credit,,,,Return,Dutch Guilder,
GK026,Return,Outstanding debts in colony,9000,credit,,,,Return,Dutch Guilder,
GK026,Return,Freight and passengers,232,,,,,Return,Dutch Guilder,
GK026,Return,Returned trade cargo,2218,,,,,Return,Dutch Guilder,
GK026,Expenditure,Wages crew (including bonuses),10605,,,,,Return,Dutch Guilder,
GK026,Expenditure,Other expenses,1127,,,,,Return,Dutch Guilder,
GK027,Expenditure,Value of ship before departure,30000,,,,,Outfitting,Dutch Guilder,
GK027,Expenditure,Outfitting costs,15582,,,,,Outfitting,Dutch Guilder,
GK027,Expenditure,Advance crew payment,1900,,,,,Outfitting,Dutch Guilder,
GK027,Expenditure,Insurance hull,1656,,,,,Outfitting,Dutch Guilder,
GK027,Expenditure,Insurance cargo,1116,,,,,Outfitting,Dutch Guilder,
GK027,Expenditure,Trade cargo costs,54269,,,,,Outfitting,Dutch Guilder,
GK027,Expenditure,Other expenses,7403,,,,,Outfitting,Dutch Guilder,
GK027,Return,Value of ship after voyage,27000,,,,,Return,Dutch Guilder,
GK027,Return,Bills of exchange sold,53038,,,,,Return,Dutch Guilder,
GK027,Return,Plantation produce received,36752,,,,,Return,Dutch Guilder,
GK027,Return,Freight and passengers,434,,,,,Return,Dutch Guilder,
GK027,Expenditure,Wages crew (including bonuses),14719,,,,,Return,Dutch Guilder,
GK027,Expenditure,Insurance on return,939,,,,,Return,Dutch Guilder,
GK027,Expenditure,Other expenses,1868,,,,,Return,Dutch Guilder,
GK028,Expenditure,Value of ship before departure,27000,,,,,Outfitting,Dutch Guilder,
GK028,Expenditure,Outfitting costs,16632,,,,,Outfitting,Dutch Guilder,
GK028,Expenditure,Advance crew payment,2132,,,,,Outfitting,Dutch Guilder,
GK028,Expenditure,Insurance hull,1664,,,,,Outfitting,Dutch Guilder,
GK028,Expenditure,Insurance cargo,1862,,,,,Outfitting,Dutch Guilder,
GK028,Expenditure,Trade cargo costs,51824,,,,,Outfitting,Dutch Guilder,
GK028,Expenditure,Other expenses,7633,,,,,Outfitting,Dutch Guilder,
GK028,Return,Value of ship after voyage,24000,,,,,Return,Dutch Guilder,
GK028,Return,Bills of exchange sold,94913,,,,,Return,Dutch Guilder,
GK028,Return,Bills of exchange protested,11311,credit,,,,Return,Dutch Guilder,
GK028,Return,Outstanding debts in colony,31938,credit,,,,Return,Dutch Guilder,
GK028,Return,Freight and passengers,550,,,,,Return,Dutch Guilder,
GK028,Expenditure,Wages crew (including bonuses),16061,,,,,Return,Dutch Guilder,
GK028,Expenditure,Other expenses,1662,,,,,Return,Dutch Guilder,
GK029,Expenditure,Value of ship before departure,24000,,,,,Outfitting,Dutch Guilder,
GK029,Expenditure,Outfitting costs,15995,,,,,Outfitting,Dutch Guilder,
GK029,Expenditure,Advance crew payment,1822,,,,,Outfitting,Dutch Guilder,
GK029,Expenditure,Insurance hull,1382,,,,,Outfitting,Dutch Guilder,
GK029,Expenditure,Insurance cargo,1854,,,,,Outfitting,Dutch Guilder,
GK029,Expenditure,Trade cargo costs,58366,,,,,Outfitting,Dutch Guilder,
GK029,Expenditure,Other expenses,7800,,,,,Outfitting,Dutch Guilder,
GK029,Return,Value of ship after voyage,21000,,,,,Return,Dutch Guilder,
GK029,Return,Outstanding debts in colony,151678,credit,,,,Return,Dutch Guilder,
GK029,Return,Cash received,704,,,,,Return,Dutch Guilder,
GK029,Return,Freight and passengers,5235,,,,,Return,Dutch Guilder,
GK029,Expenditure,Wages crew (including bonuses),17280,,,,,Return,Dutch Guilder,
GK029,Expenditure,Other expenses,6123,,,,,Return,Dutch Guilder,
GK030,Expenditure,Value of ship before departure,21000,,,,,Outfitting,Dutch Guilder,
GK030,Expenditure,Outfitting costs,17040,,,,,Outfitting,Dutch Guilder,
GK030,Expenditure,Advance crew payment,1652,,,,,Outfitting,Dutch Guilder,
GK030,Expenditure,Insurance hull,1107,,,,,Outfitting,Dutch Guilder,
GK030,Expenditure,Insurance cargo,1854,,,,,Outfitting,Dutch Guilder,
GK030,Expenditure,Trade cargo costs,65892,,,,,Outfitting,Dutch Guilder,
GK030,Expenditure,Other expenses,8332,,,,,Outfitting,Dutch Guilder,
GK030,Return,Value of ship after voyage,18000,,,,,Return,Dutch Guilder,
GK030,Return,Plantation produce received,74578,,,,,Return,Dutch Guilder,
GK030,Return,Outstanding debts in colony,34510,credit,,,,Return,Dutch Guilder,
GK030,Expenditure,Wages crew (including bonuses),12202,,,,,Return,Dutch Guilder,
GK030,Expenditure,Insurance on return,852,,,,,Return,Dutch Guilder,
GK030,Expenditure,Other expenses,5140,,,,,Return,Dutch Guilder,
GK031,Expenditure,Value of ship before departure,18000,,,,,Return,Dutch Guilder,
GK031,Expenditure,Outfitting costs,17402,,,,,Outfitting,Dutch Guilder,
GK031,Expenditure,Advance crew payment,2290,,,,,Outfitting,Dutch Guilder,
GK031,Expenditure,Insurance hull,1107,,,,,Outfitting,Dutch Guilder,
GK031,Expenditure,Insurance cargo,2223,,,,,Outfitting,Dutch Guilder,
GK031,Expenditure,Trade cargo costs,49159,,,,,Outfitting,Dutch Guilder,
GK031,Expenditure,Other expenses,7767,,,,,Outfitting,Dutch Guilder,
GK031,Return,Value of ship after voyage,15000,,,,,Return,Dutch Guilder,
GK031,Return,Plantation produce received,78700,,,,,Return,Dutch Guilder,
GK031,Return,Outstanding debts in colony,8596,credit,,,,Return,Dutch Guilder,
GK031,Return,Freight and passengers,100,,,,,Return,Dutch Guilder,
GK031,Return,African goods sold,22793,,,,,Return,Dutch Guilder,
GK031,Expenditure,Wages crew (including bonuses),9693,,,,,Return,Dutch Guilder,
GK031,Expenditure,Insurance on return,631,,,,,Return,Dutch Guilder,
GK031,Expenditure,Other expenses,9719,,,,,Return,Dutch Guilder,
GK032,Expenditure,Value of ship before departure,15000,,,,,Outfitting,Dutch Guilder,
GK032,Expenditure,Outfitting costs,18091,,,,,Outfitting,Dutch Guilder,
GK032,Expenditure,Advance crew payment,1986,,,,,Outfitting,Dutch Guilder,
GK032,Expenditure,Insurance hull,561,,,,,Outfitting,Dutch Guilder,
GK032,Expenditure,Insurance cargo,2250,,,,,Outfitting,Dutch Guilder,
GK032,Expenditure,Trade cargo costs,48049,,,,,Outfitting,Dutch Guilder,
GK032,Expenditure,Other expenses,7900,,,,,Outfitting,Dutch Guilder,
GK032,Return,Value of ship after voyage,12000,,,,,Return,Dutch Guilder,
GK032,Return,Bills of exchange sold,48985,,,,,Return,Dutch Guilder,
GK032,Return,Plantation produce received,44449,,,,,Return,Dutch Guilder,
GK032,Return,Outstanding debts in colony,2896,credit,,,,Return,Dutch Guilder,
GK032,Return,Freight and passengers,318,,,,,Return,Dutch Guilder,
GK032,Return,African goods sold,30576,,,,,Return,Dutch Guilder,
GK032,Expenditure,Wages crew (including bonuses),14779,,,,,Return,Dutch Guilder,
GK032,Expenditure,Insurance on return,2042,,,,,Return,Dutch Guilder,
GK032,Expenditure,Other expenses,4560,,,,,Return,Dutch Guilder,
GK033,Expenditure,Value of ship before departure,12000,,,,,Outfitting,Dutch Guilder,
GK033,Expenditure,Outfitting costs,18979,,,,,Outfitting,Dutch Guilder,
GK033,Expenditure,Advance crew payment,2450,,,,,Outfitting,Dutch Guilder,
GK033,Expenditure,Insurance hull,829,,,,,Outfitting,Dutch Guilder,
GK033,Expenditure,Insurance cargo,3311,,,,,Outfitting,Dutch Guilder,
GK033,Expenditure,Trade cargo costs,43916,,,,,Outfitting,Dutch Guilder,
GK033,Expenditure,Other expenses,7792,,,,,Outfitting,Dutch Guilder,
GK034,Expenditure,Value of ship before departure,16800,,,,,Outfitting,Dutch Guilder,
GK034,Expenditure,Outfitting costs,9789,,,,,Outfitting,Dutch Guilder,
GK034,Expenditure,Advance crew payment,733,,,,,Outfitting,Dutch Guilder,
GK034,Expenditure,Insurance hull,1867,,,,,Outfitting,Dutch Guilder,
GK034,Expenditure,Insurance cargo,3333,,,,,Outfitting,Dutch Guilder,
GK034,Expenditure,Trade cargo costs,32756,,,,,Outfitting,Dutch Guilder,
GK034,Expenditure,Other expenses,5639,,,,,Outfitting,Dutch Guilder,
GK034,Return,Value of ship after voyage,12000,,,,,Return,Dutch Guilder,
GK034,Return,Plantation produce received,59456,,,,,Return,Dutch Guilder,
GK034,Return,African goods sold,990,,,,,Return,Dutch Guilder,
GK034,Return,Returned trade cargo,191,,,,,Return,Dutch Guilder,
GK034,Expenditure,Wages crew (including bonuses),12182,,,,,Return,Dutch Guilder,
GK034,Expenditure,Other expenses,7304,,,,,Return,Dutch Guilder,
GK035,Expenditure,Value of ship before departure,21000,,,,,Outfitting,Dutch Guilder,
GK035,Expenditure,Outfitting costs,11363,,,,,Outfitting,Dutch Guilder,
GK035,Expenditure,Advance crew payment,1304,,,,,Outfitting,Dutch Guilder,
GK035,Expenditure,Insurance hull,1382,,,,,Outfitting,Dutch Guilder,
GK035,Expenditure,Insurance cargo,1115,,,,,Outfitting,Dutch Guilder,
GK035,Expenditure,Trade cargo costs,29124,,,,,Outfitting,Dutch Guilder,
GK035,Expenditure,Other expenses,4410,,,,,Outfitting,Dutch Guilder,
GK035,Return,Value of ship after voyage,18000,,,,,Return,Dutch Guilder,
GK035,Return,Bills of exchange sold,36339,,,,,Return,Dutch Guilder,
GK035,Return,Bills of exchange protested,19433,credit,,,,Return,Dutch Guilder,
GK035,Return,African goods sold,22680,,,,,Return,Dutch Guilder,
GK035,Return,Returned trade cargo,259,,,,,Return,Dutch Guilder,
GK035,Expenditure,Wages crew (including bonuses),7691,,,,,Return,Dutch Guilder,
GK035,Expenditure,Insurance on return,439,,,,,Return,Dutch Guilder,
GK035,Expenditure,Other expenses,863,,,,,Return,Dutch Guilder,
GK036,Expenditure,Value of ship before departure,18000,,,,,Outfitting,Dutch Guilder,
GK036,Expenditure,Outfitting costs,11079,,,,,Outfitting,Dutch Guilder,
GK036,Expenditure,Advance crew payment,1559,,,,,Outfitting,Dutch Guilder,
GK036,Expenditure,Insurance hull,1385,,,,,Outfitting,Dutch Guilder,
GK036,Expenditure,Insurance cargo,1116,,,,,Outfitting,Dutch Guilder,
GK036,Expenditure,Trade cargo costs,33086,,,,,Outfitting,Dutch Guilder,
GK036,Expenditure,Other expenses,5637,,,,,Outfitting,Dutch Guilder,
GK036,Return,Value of ship after voyage,15000,,,,,Return,Dutch Guilder,
GK036,Return,Bills of exchange sold,50257,,,,,Return,Dutch Guilder,
GK036,Return,Plantation produce received,1747,,,,,Return,Dutch Guilder,
GK036,Return,Outstanding debts in colony,15049,credit,,,,Return,Dutch Guilder,
GK036,Expenditure,Wages crew (including bonuses),6486,,,,,Return,Dutch Guilder,
GK036,Expenditure,Other expenses,1345,,,,,Return,Dutch Guilder,
GK037,Expenditure,Value of ship before departure,15000,,,,,Outfitting,Dutch Guilder,
GK037,Expenditure,Outfitting costs,11896,,,,,Outfitting,Dutch Guilder,
GK037,Expenditure,Advance crew payment,1396,,,,,Outfitting,Dutch Guilder,
GK037,Expenditure,Insurance hull,1107,,,,,Outfitting,Dutch Guilder,
GK037,Expenditure,Insurance cargo,1176,,,,,Outfitting,Dutch Guilder,
GK037,Expenditure,Trade cargo costs,25361,,,,,Outfitting,Dutch Guilder,
GK037,Expenditure,Other expenses,6042,,,,,Outfitting,Dutch Guilder,
GK037,Return,Value of ship after voyage,12000,,,,,Return,Dutch Guilder,
GK037,Return,Bills of exchange sold,29724,,,,,Return,Dutch Guilder,
GK037,Return,Plantation produce received,12225,,,,,Return,Dutch Guilder,
GK037,Return,Cash received,12,,,,,Return,Dutch Guilder,
GK037,Return,African goods sold,32487,,,,,Return,Dutch Guilder,
GK037,Return,Returned trade cargo,5517,,,,,Return,Dutch Guilder,
GK037,Expenditure,Wages crew (including bonuses),10368,,,,,Return,Dutch Guilder,
GK037,Expenditure,Other expenses,2349,,,,,Outfitting,Dutch Guilder,
GK038,Expenditure,Value of ship before departure,12000,,,,,Outfitting,Dutch Guilder,
GK038,Expenditure,Outfitting costs,13014,,,,,Outfitting,Dutch Guilder,
GK038,Expenditure,Advance crew payment,1478,,,,,Outfitting,Dutch Guilder,
GK038,Expenditure,Insurance hull,1107,,,,,Outfitting,Dutch Guilder,
GK038,Expenditure,Insurance cargo,1482,,,,,Outfitting,Dutch Guilder,
GK038,Expenditure,Trade cargo costs,39788,,,,,Outfitting,Dutch Guilder,
GK038,Expenditure,Other expenses,5648,,,,,Outfitting,Dutch Guilder,
GK038,Return,Value of ship after voyage,9000,,,,,Return,Dutch Guilder,
GK038,Return,Bills of exchange sold,37466,,,,,Return,Dutch Guilder,
GK038,Return,Plantation produce received,10203,,,,,Return,Dutch Guilder,
GK038,Return,Outstanding debts in colony,8019,credit,,,,Return,Dutch Guilder,
GK038,Return,Freight and passengers,4406,,,,,Return,Dutch Guilder,
GK038,Return,African goods sold,12842,,,,,Return,Dutch Guilder,
GK038,Return,Returned trade cargo,5194,,,,,Return,Dutch Guilder,
GK038,Expenditure,Wages crew (including bonuses),13918,,,,,Return,Dutch Guilder,
GK038,Expenditure,Insurance on return,329,,,,,Return,Dutch Guilder,
GK038,Expenditure,Other expenses,2433,,,,,Outfitting,Dutch Guilder,
GK039,Expenditure,Value of ship before departure,9000,,,,,Outfitting,Dutch Guilder,
GK039,Expenditure,Outfitting costs,16966,,,,,Outfitting,Dutch Guilder,
GK039,Expenditure,Advance crew payment,1943,,,,,Outfitting,Dutch Guilder,
GK039,Expenditure,Insurance hull,650,,,,,Outfitting,Dutch Guilder,
GK039,Expenditure,Insurance cargo,2154,,,,,Outfitting,Dutch Guilder,
GK039,Expenditure,Trade cargo costs,43927,,,,,Outfitting,Dutch Guilder,
GK039,Expenditure,Other expenses,5217,,,,,Outfitting,Dutch Guilder,
GK039,Return,Value of ship after voyage,6000,,,,,Return,Dutch Guilder,
GK039,Return,Bills of exchange sold,29138,,,,,Return,Dutch Guilder,
GK039,Return,Plantation produce received,19989,,,,,Return,Dutch Guilder,
GK039,Return,Outstanding debts in colony,61824,credit,,,,Return,Dutch Guilder,
GK039,Return,Freight and passengers,9360,,,,,Return,Dutch Guilder,
GK039,Return,African goods sold,20833,,,,,Return,Dutch Guilder,
GK039,Expenditure,Wages crew (including bonuses),17225,,,,,Return,Dutch Guilder,
GK039,Expenditure,Insurance on return,3610,,,,,Return,Dutch Guilder,
GK039,Expenditure,Other expenses,8795,,,,,Return,Dutch Guilder,
GK040,Expenditure,Value of ship before departure,6000,,,,,Outfitting,Dutch Guilder,
GK040,Expenditure,Outfitting costs,15115,,,,,Outfitting,Dutch Guilder,
GK040,Expenditure,Advance crew payment,2934,,,,,Outfitting,Dutch Guilder,
GK040,Expenditure,Insurance hull,549,,,,,Outfitting,Dutch Guilder,
GK040,Expenditure,Insurance cargo,2746,,,,,Outfitting,Dutch Guilder,
GK040,Expenditure,Trade cargo costs,28815,,,,,Outfitting,Dutch Guilder,
GK040,Expenditure,Other expenses,5697,,,,,Outfitting,Dutch Guilder,
GK041,Expenditure,Value of ship before departure,15000,,,,,Outfitting,Dutch Guilder,
GK041,Expenditure,Outfitting costs,7746,,,,,Outfitting,Dutch Guilder,
GK041,Expenditure,Advance crew payment,1204,,,,,Outfitting,Dutch Guilder,
GK041,Expenditure,Insurance hull,1099,,,,,Outfitting,Dutch Guilder,
GK041,Expenditure,Insurance cargo,1288,,,,,Outfitting,Dutch Guilder,
GK041,Expenditure,Trade cargo costs,23527,,,,,Outfitting,Dutch Guilder,
GK041,Expenditure,Other expenses,1493,,,,,Outfitting,Dutch Guilder,
GK041,Return,Value of ship after voyage,12000,,,,,Return,Dutch Guilder,
GK041,Return,Bills of exchange sold,43810,,,,,Return,Dutch Guilder,
GK041,Return,Freight and passengers,83,,,,,Return,Dutch Guilder,
GK041,Return,Returned trade cargo,28,,,,,Return,Dutch Guilder,
GK041,Expenditure,Wages crew (including bonuses),8767,,,,,Return,Dutch Guilder,
GK041,Expenditure,Other expenses,2410,,,,,Return,Dutch Guilder,
GK042,Expenditure,Value of ship before departure,12109,,,,,Outfitting,Dutch Guilder,
GK042,Expenditure,Outfitting costs,10943,,,,,Outfitting,Dutch Guilder,
GK042,Expenditure,Advance crew payment,1313,,,,,Outfitting,Dutch Guilder,
GK042,Expenditure,Insurance hull,1374,,,,,Outfitting,Dutch Guilder,
GK042,Expenditure,Insurance cargo,1503,,,,,Outfitting,Dutch Guilder,
GK042,Expenditure,Trade cargo costs,30022,,,,,Outfitting,Dutch Guilder,
GK042,Expenditure,Other expenses,5857,,,,,Outfitting,Dutch Guilder,
GK042,Return,Value of ship after voyage,9000,,,,,Return,Dutch Guilder,
GK042,Return,Bills of exchange sold,71990,,,,,Return,Dutch Guilder,
GK042,Return,Outstanding debts in colony,90,credit,,,,Return,Dutch Guilder,
GK042,Return,Freight and passengers,320,,,,,Return,Dutch Guilder,
GK042,Return,African goods sold,4822,,,,,Return,Dutch Guilder,
GK042,Return,Returned trade cargo,1416,,,,,Return,Dutch Guilder,
GK042,Expenditure,Wages crew (including bonuses),14003,,,,,Return,Dutch Guilder,
GK042,Expenditure,Other expenses,694,,,,,Return,Dutch Guilder,
GK043,Expenditure,Value of ship before departure,21000,,,,,Outfitting,Dutch Guilder,
GK043,Expenditure,Outfitting costs,13813,,,,,Outfitting,Dutch Guilder,
GK043,Expenditure,Advance crew payment,1788,,,,,Outfitting,Dutch Guilder,
GK043,Expenditure,Insurance hull,1108,,,,,Outfitting,Dutch Guilder,
GK043,Expenditure,Insurance cargo,1172,,,,,Outfitting,Dutch Guilder,
GK043,Expenditure,Trade cargo costs,33819,,,,,Outfitting,Dutch Guilder,
GK043,Expenditure,Other expenses,6467,,,,,Outfitting,Dutch Guilder,
GK043,Return,Value of ship after voyage,18000,,,,,Return,Dutch Guilder,
GK043,Return,Bills of exchange sold,21288,,,,,Return,Dutch Guilder,
GK043,Return,Plantation produce received,51988,,,,,Return,Dutch Guilder,
GK043,Return,African goods sold,231,,,,,Return,Dutch Guilder,
GK043,Return,Returned trade cargo,191,,,,,Return,Dutch Guilder,
GK043,Expenditure,Wages crew (including bonuses),12368,,,,,Return,Dutch Guilder,
GK043,Expenditure,Insurance on return,2618,,,,,Return,Dutch Guilder,
GK043,Expenditure,Other expenses,4292,,,,,Return,Dutch Guilder,
GK044,Expenditure,Value of ship before departure,18000,,,,,Outfitting,Dutch Guilder,
GK044,Expenditure,Outfitting costs,14509,,,,,Outfitting,Dutch Guilder,
GK044,Expenditure,Advance crew payment,1305,,,,,Outfitting,Dutch Guilder,
GK044,Expenditure,Insurance hull,1135,,,,,Outfitting,Dutch Guilder,
GK044,Expenditure,Insurance cargo,1130,,,,,Outfitting,Dutch Guilder,
GK044,Expenditure,Trade cargo costs,40262,,,,,Outfitting,Dutch Guilder,
GK044,Expenditure,Other expenses,6696,,,,,Outfitting,Dutch Guilder,
GK044,Return,Value of ship after voyage,15000,,,,,Return,Dutch Guilder,
GK044,Return,Plantation produce received,36401,,,,,Return,Dutch Guilder,
GK044,Return,Outstanding debts in colony,35202,credit,,,,Return,Dutch Guilder,
GK044,Return,Cash received,8110,,,,,Return,Dutch Guilder,
GK044,Return,Freight and passengers,182,,,,,Return,Dutch Guilder,
GK044,Return,Returned trade cargo,372,,,,,Return,Dutch Guilder,
GK044,Expenditure,Wages crew (including bonuses),14006,,,,,Return,Dutch Guilder,
GK044,Expenditure,Insurance on return,2626,,,,,Return,Dutch Guilder,
GK044,Expenditure,Other expenses,2031,,,,,Return,Dutch Guilder,
GK045,Expenditure,Value of ship before departure,15000,,,,,Outfitting,Dutch Guilder,
GK045,Expenditure,Outfitting costs,14250,,,,,Outfitting,Dutch Guilder,
GK045,Expenditure,Advance crew payment,1262,,,,,Outfitting,Dutch Guilder,
GK045,Expenditure,Insurance hull,1407,,,,,Outfitting,Dutch Guilder,
GK045,Expenditure,Insurance cargo,1118,,,,,Outfitting,Dutch Guilder,
GK045,Expenditure,Trade cargo costs,43094,,,,,Outfitting,Dutch Guilder,
GK045,Expenditure,Other expenses,6996,,,,,Outfitting,Dutch Guilder,
GK045,Return,Value of ship after voyage,12000,,,,,Return,Dutch Guilder,
GK045,Return,Bills of exchange sold,67432,,,,,Return,Dutch Guilder,
GK045,Return,Bills of exchange protested,184,,,,,Return,Dutch Guilder,
GK045,Return,Outstanding debts in colony,28083,credit,,,,Return,Dutch Guilder,
GK045,Expenditure,Wages crew (including bonuses),11990,,,,,Return,Dutch Guilder,
GK045,Expenditure,Insurance on return,564,,,,,Return,Dutch Guilder,
GK045,Expenditure,Other expenses,2259,,,,,Return,Dutch Guilder,
GK046,Expenditure,Value of ship before departure,12000,,,,,Outfitting,Dutch Guilder,
GK046,Expenditure,Outfitting costs,13946,,,,,Outfitting,Dutch Guilder,
GK046,Expenditure,Advance crew payment,1559,,,,,Outfitting,Dutch Guilder,
GK046,Expenditure,Insurance hull,1413,,,,,Outfitting,Dutch Guilder,
GK046,Expenditure,Insurance cargo,1158,,,,,Outfitting,Dutch Guilder,
GK046,Expenditure,Trade cargo costs,38771,,,,,Outfitting,Dutch Guilder,
GK046,Expenditure,Other expenses,6329,,,,,Outfitting,Dutch Guilder,
GK046,Return,Value of ship after voyage,9000,,,,,Return,Dutch Guilder,
GK046,Return,Bills of exchange sold,80600,,,,,Return,Dutch Guilder,
GK046,Return,Outstanding debts in colony,31250,credit,,,,Return,Dutch Guilder,
GK046,Expenditure,Wages crew (including bonuses),13453,,,,,Return,Dutch Guilder,
GK046,Expenditure,Other expenses,2520,,,,,Return,Dutch Guilder,
GK047,Expenditure,Value of ship before departure,9000,,,,,Outfitting,Dutch Guilder,
GK047,Expenditure,Outfitting costs,15583,,,,,Outfitting,Dutch Guilder,
GK047,Expenditure,Advance crew payment,1804,,,,,Outfitting,Dutch Guilder,
GK047,Expenditure,Insurance hull,1211,,,,,Outfitting,Dutch Guilder,
GK047,Expenditure,Insurance cargo,1120,,,,,Outfitting,Dutch Guilder,
GK047,Expenditure,Trade cargo costs,37865,,,,,Outfitting,Dutch Guilder,
GK047,Expenditure,Other expenses,6493,,,,,Outfitting,Dutch Guilder,
GK047,Return,Value of ship after voyage,7200,,,,,Return,Dutch Guilder,
GK047,Return,Bills of exchange sold,40113,,,,,Return,Dutch Guilder,
GK047,Return,Bills of exchange protested,558,,,,,Return,Dutch Guilder,
GK047,Return,Outstanding debts in colony,39585,credit,,,,Return,Dutch Guilder,
GK047,Expenditure,Wages crew (including bonuses),11694,,,,,Return,Dutch Guilder,
GK047,Expenditure,Other expenses,1505,,,,,Return,Dutch Guilder,
GK048,Expenditure,Value of ship before departure,7200,,,,,Outfitting,Dutch Guilder,
GK048,Expenditure,Outfitting costs,17354,,,,,Outfitting,Dutch Guilder,
GK048,Expenditure,Advance crew payment,1641,,,,,Outfitting,Dutch Guilder,
GK048,Expenditure,Insurance hull,1284,,,,,Outfitting,Dutch Guilder,
GK048,Expenditure,Insurance cargo,1142,,,,,Outfitting,Dutch Guilder,
GK048,Expenditure,Trade cargo costs,40905,,,,,Outfitting,Dutch Guilder,
GK048,Expenditure,Other expenses,7451,,,,,Outfitting,Dutch Guilder,
GK048,Return,Value of ship after voyage,5400,,,,,Return,Dutch Guilder,
GK048,Return,Plantation produce received,40097,,,,,Return,Dutch Guilder,
GK048,Return,Outstanding debts in colony,19368,credit,,,,Return,Dutch Guilder,
GK048,Return,African goods sold,6970,,,,,Return,Dutch Guilder,
GK048,Expenditure,Wages crew (including bonuses),11995,,,,,Return,Dutch Guilder,
GK048,Expenditure,Insurance on return,568,,,,,Return,Dutch Guilder,
GK048,Expenditure,Other expenses,867,,,,,Return,Dutch Guilder,
GK049,Expenditure,Value of ship before departure,5400,,,,,Outfitting,Dutch Guilder,
GK049,Expenditure,Outfitting costs,16881,,,,,Outfitting,Dutch Guilder,
GK049,Expenditure,Advance crew payment,1587,,,,,Outfitting,Dutch Guilder,
GK049,Expenditure,Insurance hull,880,,,,,Outfitting,Dutch Guilder,
GK049,Expenditure,Insurance cargo,2395,,,,,Outfitting,Dutch Guilder,
GK049,Expenditure,Trade cargo costs,45242,,,,,Outfitting,Dutch Guilder,
GK049,Expenditure,Other expenses,6971,,,,,Outfitting,Dutch Guilder,
GK049,Return,Value of ship after voyage,3000,,,,,Return,Dutch Guilder,
GK049,Return,Bills of exchange sold,51884,,,,,Return,Dutch Guilder,
GK049,Return,Plantation produce received,9761,,,,,Return,Dutch Guilder,
GK049,Return,Outstanding debt in colony,21081,credit,,,,Return,Dutch Guilder,
GK049,Return,Freight and passengers,5156,,,,,Return,Dutch Guilder,
GK049,Return,African goods sold,8619,,,,,Return,Dutch Guilder,
GK049,Expenditure,Wages crew (including bonuses),13360,,,,,Return,Dutch Guilder,
GK049,Expenditure,Insurance on return,407,,,,,Return,Dutch Guilder,
GK049,Expenditure,Other expenses,2389,,,,,Return,Dutch Guilder,
GK050,Expenditure,Value of ship before departure,3000,,,,,Outfitting,Dutch Guilder,
GK050,Expenditure,Outfitting costs,22744,,,,,Outfitting,Dutch Guilder,
GK050,Expenditure,Advance crew payment,1815,,,,,Outfitting,Dutch Guilder,
GK050,Expenditure,Insurance hull,880,,,,,Outfitting,Dutch Guilder,
GK050,Expenditure,Insurance cargo,2775,,,,,Outfitting,Dutch Guilder,
GK050,Expenditure,Trade cargo costs,36297,,,,,Outfitting,Dutch Guilder,
GK050,Expenditure,Other expenses,6707,,,,,Outfitting,Dutch Guilder,
GK050,Return,Value of ship after voyage,3000,,,,,Return,Dutch Guilder,
GK050,Return,Bills of exchange sold,38129,,,,,Return,Dutch Guilder,
GK050,Return,Plantation produce received,65828,,,,,Return,Dutch Guilder,
GK050,Return,Freight and passengers,21,,,,,Return,Dutch Guilder,
GK050,Return,African goods sold,7043,,,,,Return,Dutch Guilder,
GK050,Expenditure,Wages crew (including bonuses),12636,,,,,Return,Dutch Guilder,
GK050,Expenditure,Insurance on return,3913,,,,,Return,Dutch Guilder,
GK050,Expenditure,Other expenses,1831,,,,,Return,Dutch Guilder,
GK051,Expenditure,Value of ship before departure,3000,,,,,Outfitting,Dutch Guilder,
GK051,Expenditure,Outfitting costs,19082,,,,,Outfitting,Dutch Guilder,
GK051,Expenditure,Advance crew payment,2195,,,,,Outfitting,Dutch Guilder,
GK051,Expenditure,Insurance hull,1642,,,,,Outfitting,Dutch Guilder,
GK051,Expenditure,Insurance cargo,3093,,,,,Outfitting,Dutch Guilder,
GK051,Expenditure,Trade cargo costs,35698,,,,,Outfitting,Dutch Guilder,
GK051,Expenditure,Other expenses,7647,,,,,Outfitting,Dutch Guilder,
GK051,Return,Bills of exchange sold,45699,,,,,Return,Dutch Guilder,
GK051,Return,Plantation produce received,12473,,,,,Return,Dutch Guilder,
GK051,Return,Outstanding debt in colony,55668,credit,,,,Return,Dutch Guilder,
GK051,Return,African goods sold,8313,,,,,Return,Dutch Guilder,
GK051,Return,Sale of ship,4508,,,,,Return,Dutch Guilder,
GK051,Return,Returned trade cargo,122,,,,,Return,Dutch Guilder,
GK051,Expenditure,Wages crew (including bonuses),14198,,,,,Return,Dutch Guilder,
GK051,Expenditure,Other expenses,10574,,,,,Return,Dutch Guilder,
GK052,Expenditure,Value of ship before departure,12000,,,,,Outfitting,Dutch Guilder,
GK052,Expenditure,Outfitting costs,11076,,,,,Outfitting,Dutch Guilder,
GK052,Expenditure,Advance crew payment,1400,,,,,Outfitting,Dutch Guilder,
GK052,Expenditure,Insurance hull,1406,,,,,Outfitting,Dutch Guilder,
GK052,Expenditure,Insurance cargo,1315,,,,,Outfitting,Dutch Guilder,
GK052,Expenditure,Trade cargo costs,26571,,,,,Outfitting,Dutch Guilder,
GK052,Expenditure,Other expenses,4775,,,,,Outfitting,Dutch Guilder,
GK052,Return,Value of ship after voyage,9000,,,,,Return,Dutch Guilder,
GK052,Return,Bills of exchange sold,66248,,,,,Return,Dutch Guilder,
GK052,Return,Other sales,100,,,,,Return,Dutch Guilder,
GK052,Return,Freight and passengers,29,,,,,Return,Dutch Guilder,
GK052,Return,African goods sold,1852,,,,,Return,Dutch Guilder,
GK052,Return,Returned trade cargo,502,,,,,Return,Dutch Guilder,
GK052,Expenditure,Wages crew (including bonuses),9049,,,,,Return,Dutch Guilder,
GK052,Expenditure,Other expenses,2489,,,,,Return,Dutch Guilder,
GK053,Expenditure,Value of ship before departure,9000,,,,,Outfitting,Dutch Guilder,
GK053,Expenditure,Outfitting costs,9813,,,,,Outfitting,Dutch Guilder,
GK053,Expenditure,Advance crew payment,1373,,,,,Outfitting,Dutch Guilder,
GK053,Expenditure,Insurance hull,1112,,,,,Outfitting,Dutch Guilder,
GK053,Expenditure,Insurance cargo,1288,,,,,Outfitting,Dutch Guilder,
GK053,Expenditure,Trade cargo costs,28988,,,,,Outfitting,Dutch Guilder,
GK053,Expenditure,Other expenses,4582,,,,,Outfitting,Dutch Guilder,
GK053,Return,Value of ship after voyage,6000,,,,,Return,Dutch Guilder,
GK053,Return,Bills of exchange sold,63753,,,,,Return,Dutch Guilder,
GK053,Return,Plantation produce received,242,,,,,Return,Dutch Guilder,
GK053,Return,Cash received,394,,,,,Return,Dutch Guilder,
GK053,Return,Freight and passengers,192,,,,,Return,Dutch Guilder,
GK053,Return,Returned trade cargo,559,,,,,Return,Dutch Guilder,
GK053,Expenditure,Wages crew (including bonuses),9736,,,,,Return,Dutch Guilder,
GK053,Expenditure,Other expenses,908,,,,,Return,Dutch Guilder,
GK054,Expenditure,Value of ship before departure,6000,,,,,Outfitting,Dutch Guilder,
GK054,Expenditure,Outfitting costs,11573,,,,,Outfitting,Dutch Guilder,
GK054,Expenditure,Advance crew payment,1468,,,,,Outfitting,Dutch Guilder,
GK054,Expenditure,Insurance hull,1418,,,,,Outfitting,Dutch Guilder,
GK054,Expenditure,Insurance cargo,1427,,,,,Outfitting,Dutch Guilder,
GK054,Expenditure,Trade cargo costs,31232,,,,,Outfitting,Dutch Guilder,
GK054,Expenditure,Other expenses,5560,,,,,Outfitting,Dutch Guilder,
GK054,Return,Value of ship after voyage,3000,,,,,Return,Dutch Guilder,
GK054,Return,Bills of exchange sold,33793,,,,,Return,Dutch Guilder,
GK054,Return,Bills of exchange protested,404,credit,,,,Return,Dutch Guilder,
GK054,Return,Outstanding debt in colony,43777,credit,,,,Return,Dutch Guilder,
GK054,Return,Freight and passengers,50,,,,,Return,Dutch Guilder,
GK054,Return,African goods sold,744,,,,,Return,Dutch Guilder,
GK054,Expenditure,Wages crew (including bonuses),10222,,,,,Return,Dutch Guilder,
GK054,Expenditure,Other expenses,885,,,,,Return,Dutch Guilder,
GK055,Expenditure,Value of ship before departure,3000,,,,,Outfitting,Dutch Guilder,
GK055,Expenditure,Outfitting costs,12364,,,,,Outfitting,Dutch Guilder,
GK055,Expenditure,Advance crew payment,1969,,,,,Outfitting,Dutch Guilder,
GK055,Expenditure,Insurance hull,1205,,,,,Outfitting,Dutch Guilder,
GK055,Expenditure,Insurance cargo,1475,,,,,Outfitting,Dutch Guilder,
GK055,Expenditure,Trade cargo costs,31175,,,,,Outfitting,Dutch Guilder,
GK055,Expenditure,Other expenses,5149,,,,,Outfitting,Dutch Guilder,
GK055,Return,Value of ship after voyage,3000,,,,,Return,Dutch Guilder,
GK055,Return,Bills of exchange sold,49132,,,,,Return,Dutch Guilder,
GK055,Return,Bills of exchange protested,1235,credit,,,,Return,Dutch Guilder,
GK055,Return,Plantation produce received,3385,,,,,Return,Dutch Guilder,
GK055,Return,Outstanding debt in colony,1461,credit,,,,Return,Dutch Guilder,
GK055,Return,African goods sold,515,,,,,Return,Dutch Guilder,
GK055,Expenditure,Wages crew (including bonuses),10119,,,,,Return,Dutch Guilder,
GK055,Expenditure,Other expenses,687,,,,,Return,Dutch Guilder,
GK056,Expenditure,Value of ship before departure,3000,,,,,Outfitting,Dutch Guilder,
GK056,Expenditure,Outfitting costs,14248,,,,,Outfitting,Dutch Guilder,
GK056,Expenditure,Advance crew payment,1636,,,,,Outfitting,Dutch Guilder,
GK056,Expenditure,Insurance hull,1095,,,,,Outfitting,Dutch Guilder,
GK056,Expenditure,Insurance cargo,1395,,,,,Outfitting,Dutch Guilder,
GK056,Expenditure,Trade cargo costs,29852,,,,,Outfitting,Dutch Guilder,
GK056,Expenditure,Other expenses,6072,,,,,Outfitting,Dutch Guilder,
GK056,Return,Bills of exchange sold,78046,,,,,Return,Dutch Guilder,
GK056,Return,Freight and passengers,3622,,,,,Return,Dutch Guilder,
GK056,Return,African goods sold,4233,,,,,Return,Dutch Guilder,
GK056,Return,Returned trade cargo,71,,,,,Return,Dutch Guilder,
GK056,Expenditure,Wages crew (including bonuses),13425,,,,,Return,Dutch Guilder,
GK056,Expenditure,Other expenses,1112,,,,,Return,Dutch Guilder,
GK057,Expenditure,Outfitting costs,18451,,,,,Outfitting,Dutch Guilder,
GK057,Expenditure,Insurance hull,1348,,,,,Outfitting,Dutch Guilder,
GK057,Expenditure,Insurance cargo,1124,,,,,Outfitting,Dutch Guilder,
GK057,Expenditure,Trade cargo costs,33819,,,,,Outfitting,Dutch Guilder,
GK057,Expenditure,Other expenses,6066,,,,,Outfitting,Dutch Guilder,
GK057,Return,Value of ship after voyage,7950,,,,,Return,Dutch Guilder,
GK057,Return,Plantation produce received,65784,,,,,Return,Dutch Guilder,
GK057,Return,Outstanding debt in colony,15334,credit,,,,Return,Dutch Guilder,
GK057,Return,Returned trade cargo,481,,,,,Return,Dutch Guilder,
GK057,Expenditure,Wages crew (including bonuses),11152,,,,,Return,Dutch Guilder,
GK057,Expenditure,Insurance on return,965,,,,,Return,Dutch Guilder,
GK057,Expenditure,Other expenses,2492,,,,,Return,Dutch Guilder,
GK058,Expenditure,Value of ship before departure,7950,,,,,Outfitting,Dutch Guilder,
GK058,Expenditure,Outfitting costs,14074,,,,,Outfitting,Dutch Guilder,
GK058,Expenditure,Advance crew payment,1536,,,,,Outfitting,Dutch Guilder,
GK058,Expenditure,Insurance hull,829,,,,,Outfitting,Dutch Guilder,
GK058,Expenditure,Insurance cargo,1116,,,,,Outfitting,Dutch Guilder,
GK058,Expenditure,Trade cargo costs,34246,,,,,Outfitting,Dutch Guilder,
GK058,Expenditure,Other expenses,6277,,,,,Outfitting,Dutch Guilder,
GK058,Return,Value of ship after voyage,7200,,,,,Return,Dutch Guilder,
GK058,Return,Plantation produce received,63348,,,,,Return,Dutch Guilder,
GK058,Return,Freight and passengers,193,,,,,Return,Dutch Guilder,
GK058,Return,Insurance claim,435,,,,,Return,Dutch Guilder,
GK058,Return,Returned trade cargo,453,,,,,Return,Dutch Guilder,
GK058,Expenditure,Wages crew (including bonuses),8574,,,,,Return,Dutch Guilder,
GK058,Expenditure,Insurance on return,1867,,,,,Return,Dutch Guilder,
GK058,Expenditure,Other expenses,4824,,,,,Return,Dutch Guilder,
GK059,Expenditure,Value of ship before departure,15000,,,,,Outfitting,Dutch Guilder,
GK059,Expenditure,Outfitting costs,12048,,,,,Outfitting,Dutch Guilder,
GK059,Expenditure,Advance crew payment,1348,,,,,Outfitting,Dutch Guilder,
GK059,Expenditure,Insurance hull,1099,,,,,Outfitting,Dutch Guilder,
GK059,Expenditure,Insurance cargo,1288,,,,,Outfitting,Dutch Guilder,
GK059,Expenditure,Trade cargo costs,24490,,,,,Outfitting,Dutch Guilder,
GK059,Expenditure,Other expenses,6410,,,,,Outfitting,Dutch Guilder,
GK059,Return,Value of ship after voyage,12000,,,,,Return,Dutch Guilder,
GK059,Return,Bills of exchange sold,79053,,,,,Return,Dutch Guilder,
GK059,Return,Freight and passengers,1309,,,,,Return,Dutch Guilder,
GK059,Return,African goods sold,69,,,,,Return,Dutch Guilder,
GK059,Return,Returned trade cargo,108,,,,,Return,Dutch Guilder,
GK059,Expenditure,Wages crew (including bonuses),11057,,,,,Return,Dutch Guilder,
GK059,Expenditure,Other expenses,994,,,,,Return,Dutch Guilder,
GK060,Expenditure,Value of ship before departure,12000,,,,,Outfitting,Dutch Guilder,
GK060,Expenditure,Outfitting costs,10304,,,,,Outfitting,Dutch Guilder,
GK060,Expenditure,Advance crew payment,1316,,,,,Outfitting,Dutch Guilder,
GK060,Expenditure,Insurance hull,1099,,,,,Outfitting,Dutch Guilder,
GK060,Expenditure,Insurance cargo,1288,,,,,Outfitting,Dutch Guilder,
GK060,Expenditure,Trade cargo costs,25293,,,,,Outfitting,Dutch Guilder,
GK060,Expenditure,Other expenses,3477,,,,,Outfitting,Dutch Guilder,
GK060,Return,Value of ship after voyage,9000,,,,,Return,Dutch Guilder,
GK060,Return,Bills of exchange sold,68177,,,,,Return,Dutch Guilder,
GK060,Return,Freight and passengers,337,,,,,Return,Dutch Guilder,
GK060,Return,Returned trade cargo,111,,,,,Return,Dutch Guilder,
GK060,Expenditure,Wages crew (including bonuses),9916,,,,,Return,Dutch Guilder,
GK060,Expenditure,Other expenses,7094,,,,,Return,Dutch Guilder,
GK061,Expenditure,Value of ship before departure,9000,,,,,Outfitting,Dutch Guilder,
GK061,Expenditure,Outfitting costs,13154,,,,,Outfitting,Dutch Guilder,
GK061,Expenditure,Advance crew payment,1921,,,,,Outfitting,Dutch Guilder,
GK061,Expenditure,Insurance hull,1099,,,,,Outfitting,Dutch Guilder,
GK061,Expenditure,Insurance cargo,2099,,,,,Outfitting,Dutch Guilder,
GK061,Expenditure,Trade cargo costs,44107,,,,,Outfitting,Dutch Guilder,
GK061,Expenditure,Other expenses,6892,,,,,Outfitting,Dutch Guilder,
GK061,Return,Value of ship after voyage,6000,,,,,Return,Dutch Guilder,
GK061,Return,Plantation produce received,78935,,,,,Return,Dutch Guilder,
GK061,Return,Outstanding debt in colony,17773,credit,,,,Return,Dutch Guilder,
GK061,Return,Cash received,127,,,,,Return,Dutch Guilder,
GK061,Return,Freight and passengers,590,,,,,Return,Dutch Guilder,
GK061,Return,Returned trade cargo,6773,,,,,Return,Dutch Guilder,
GK061,Expenditure,Wages crew (including bonuses),10237,,,,,Return,Dutch Guilder,
GK061,Expenditure,Insurance on return,2107,,,,,Return,Dutch Guilder,
GK061,Expenditure,Other expenses,3168,,,,,Return,Dutch Guilder,
GK062,Expenditure,Value of ship before departure,6000,,,,,Outfitting,Dutch Guilder,
GK062,Expenditure,Outfitting costs,13018,,,,,Outfitting,Dutch Guilder,
GK062,Expenditure,Advance crew payment,1864,,,,,Outfitting,Dutch Guilder,
GK062,Expenditure,Insurance hull,1347,,,,,Outfitting,Dutch Guilder,
GK062,Expenditure,Insurance cargo,1713,,,,,Outfitting,Dutch Guilder,
GK062,Expenditure,Trade cargo costs,35583,,,,,Outfitting,Dutch Guilder,
GK062,Expenditure,Other expenses,7283,,,,,Outfitting,Dutch Guilder,
GK062,Return,Value of ship after voyage,3000,,,,,Return,Dutch Guilder,
GK062,Return,Bills of exchange sold,88217,,,,,Return,Dutch Guilder,
GK062,Return,Freight and passengers,1409,,,,,Return,Dutch Guilder,
GK062,Return,Returned trade cargo,131,,,,,Return,Dutch Guilder,
GK062,Expenditure,Wages crew (including bonuses),11561,,,,,Return,Dutch Guilder,
GK062,Expenditure,Other expenses,766,,,,,Return,Dutch Guilder,
GK063,Expenditure,Value of ship before departure,3000,,,,,Outfitting,Dutch Guilder,
GK063,Expenditure,Outfitting costs,19299,,,,,Outfitting,Dutch Guilder,
GK063,Expenditure,Advance crew payment,2470,,,,,Outfitting,Dutch Guilder,
GK063,Expenditure,Insurance hull,730,,,,,Outfitting,Dutch Guilder,
GK063,Expenditure,Insurance cargo,735,,,,,Outfitting,Dutch Guilder,
GK063,Expenditure,Trade cargo costs,36037,,,,,Outfitting,Dutch Guilder,
GK063,Expenditure,Other expenses,7447,,,,,Outfitting,Dutch Guilder,
GK063,Return,Bills of exchange sold,90946,,,,,Return,Dutch Guilder,
GK063,Return,Freight and passengers,5452,,,,,Return,Dutch Guilder,
GK063,Return,Returned trade cargo,81,,,,,Return,Dutch Guilder,
GK063,Expenditure,Wages crew (including bonuses),12657,,,,,Return,Dutch Guilder,
GK063,Expenditure,Other expenses,2023,,,,,Return,Dutch Guilder,
GK064,Expenditure,Outfitting costs,19074,,,,,Outfitting,Dutch Guilder,
GK064,Expenditure,Advance crew payment,2420,,,,,Outfitting,Dutch Guilder,
GK064,Expenditure,Insurance hull,1005,,,,,Outfitting,Dutch Guilder,
GK064,Expenditure,Insurance cargo,1098,,,,,Outfitting,Dutch Guilder,
GK064,Expenditure,Trade cargo costs,32878,,,,,Outfitting,Dutch Guilder,
GK064,Expenditure,Other expenses,7062,,,,,Outfitting,Dutch Guilder,
GK064,Return,Bills of exchange sold,56315,,,,,Return,Dutch Guilder,
GK064,Return,Plantation produce received,34748,,,,,Return,Dutch Guilder,
GK064,Return,Cash received,2916,,,,,Return,Dutch Guilder,
GK064,Return,Returned trade cargo,12,,,,,Return,Dutch Guilder,
GK064,Expenditure,Wages crew (including bonuses),12501,,,,,Return,Dutch Guilder,
GK064,Expenditure,Insurance on return,379,,,,,Return,Dutch Guilder,
GK064,Expenditure,Other expenses,3291,,,,,Return,Dutch Guilder,
GK065,Expenditure,Outfitting costs,15746,,,,,Outfitting,Dutch Guilder,
GK065,Expenditure,Advance crew payment,2418,,,,,Outfitting,Dutch Guilder,
GK065,Expenditure,Insurance hull,825,,,,,Outfitting,Dutch Guilder,
GK065,Expenditure,Insurance cargo,1117,,,,,Outfitting,Dutch Guilder,
GK065,Expenditure,Trade cargo costs,41243,,,,,Outfitting,Dutch Guilder,
GK065,Expenditure,Other expenses,7439,,,,,Outfitting,Dutch Guilder,
GK065,Return,Value of ship after voyage,9234,,,,,Return,Dutch Guilder,
GK065,Return,Bills of exchange sold,75748,,,,,Return,Dutch Guilder,
GK065,Return,Outstanding debt in colony,2000,credit,,,,Return,Dutch Guilder,
GK065,Return,Freight and passengers,3162,,,,,Return,Dutch Guilder,
GK065,Return,Other sales,45,,,,,Return,Dutch Guilder,
GK065,Expenditure,Wages crew (including bonuses),12244,,,,,Return,Dutch Guilder,
GK065,Expenditure,Other expenses,755,,,,,Return,Dutch Guilder,
GK066,Expenditure,Value of ship before departure,9234,,,,,Outfitting,Dutch Guilder,
GK066,Expenditure,Outfitting costs,23169,,,,,Outfitting,Dutch Guilder,
GK066,Expenditure,Advance crew payment,882,,,,,Outfitting,Dutch Guilder,
GK066,Expenditure,Insurance hull,1124,,,,,Outfitting,Dutch Guilder,
GK066,Expenditure,Insurance cargo,1864,,,,,Outfitting,Dutch Guilder,
GK066,Expenditure,Trade cargo costs,41843,,,,,Outfitting,Dutch Guilder,
GK066,Expenditure,Other expenses,7531,,,,,Outfitting,Dutch Guilder,
GK066,Return,Value of ship after voyage,6000,,,,,Return,Dutch Guilder,
GK066,Return,Bills of exchange sold,36103,,,,,Return,Dutch Guilder,
GK066,Return,Outstanding debt in colony,46334,credit,,,,Return,Dutch Guilder,
GK066,Return,Returned trade cargo,37,,,,,Return,Dutch Guilder,
GK066,Expenditure,Wages crew (including bonuses),12136,,,,,Return,Dutch Guilder,
GK066,Expenditure,Other expenses,1431,,,,,Return,Dutch Guilder,
GK067,Expenditure,Value of ship before departure,6000,,,,,Outfitting,Dutch Guilder,
GK067,Expenditure,Outfitting costs,17769,,,,,Outfitting,Dutch Guilder,
GK067,Expenditure,Advance crew payment,2065,,,,,Outfitting,Dutch Guilder,
GK067,Expenditure,Insurance hull,1104,,,,,Outfitting,Dutch Guilder,
GK067,Expenditure,Insurance cargo,1673,,,,,Outfitting,Dutch Guilder,
GK067,Expenditure,Trade cargo costs,46583,,,,,Outfitting,Dutch Guilder,
GK067,Expenditure,Other expenses,7663,,,,,Outfitting,Dutch Guilder,
GK067,Return,Value of ship after voyage,4800,,,,,Return,Dutch Guilder,
GK067,Return,Bills of exchange sold,88037,,,,,Return,Dutch Guilder,
GK067,Return,Outstanding debt in colony,4190,credit,,,,Return,Dutch Guilder,
GK067,Return,Returned trade cargo,334,,,,,Return,Dutch Guilder,
GK067,Expenditure,Wages crew (including bonuses),11680,,,,,Return,Dutch Guilder,
GK067,Expenditure,Other expenses,759,,,,,Return,Dutch Guilder,
GK068,Expenditure,Value of ship before departure,4800,,,,,Outfitting,Dutch Guilder,
GK068,Expenditure,Outfitting costs,16283,,,,,Outfitting,Dutch Guilder,
GK068,Expenditure,Advance crew payment,1603,,,,,Outfitting,Dutch Guilder,
GK068,Expenditure,Insurance hull,832,,,,,Outfitting,Dutch Guilder,
GK068,Expenditure,Insurance cargo,1301,,,,,Outfitting,Dutch Guilder,
GK068,Expenditure,Trade cargo costs,45320,,,,,Outfitting,Dutch Guilder,
GK068,Expenditure,Other expenses,7048,,,,,Outfitting,Dutch Guilder,
GK068,Return,Value of ship after voyage,2400,,,,,Return,Dutch Guilder,
GK068,Return,Bills of exchange sold,56812,,,,,Return,Dutch Guilder,
GK068,Return,Outstanding debt in colony,30000,credit,,,,Return,Dutch Guilder,
GK068,Return,African goods sold,120,,,,,Return,Dutch Guilder,
GK068,Expenditure,Wages crew (including bonuses),8175,,,,,Return,Dutch Guilder,
GK068,Expenditure,Other expenses,1258,,,,,Return,Dutch Guilder,
GK069,Expenditure,Value of ship before departure,2400,,,,,Outfitting,Dutch Guilder,
GK069,Expenditure,Outfitting costs,17523,,,,,Outfitting,Dutch Guilder,
GK069,Expenditure,Advance crew payment,1684,,,,,Outfitting,Dutch Guilder,
GK069,Expenditure,Insurance hull,832,,,,,Outfitting,Dutch Guilder,
GK069,Expenditure,Insurance cargo,1301,,,,,Outfitting,Dutch Guilder,
GK069,Expenditure,Trade cargo costs,52545,,,,,Outfitting,Dutch Guilder,
GK069,Expenditure,Other expenses,8313,,,,,Outfitting,Dutch Guilder,
GK069,Return,Plantation produce received,96400,,,,,Return,Dutch Guilder,
GK069,Return,Sale of ship,16407,,,,,Return,Dutch Guilder,
GK069,Expenditure,Wages crew (including bonuses),11172,,,,,Return,Dutch Guilder,
GK069,Expenditure,Insurance on return,1410,,,,,Return,Dutch Guilder,
GK069,Expenditure,Other expenses,21596,,,,,Return,Dutch Guilder,
GK070,Expenditure,Value of ship before departure,6000,,,,,Outfitting,Dutch Guilder,
GK070,Expenditure,Value of ship before departure,6000,,,,,Outfitting,Dutch Guilder,
GK070,Expenditure,Value of ship before departure,6000,,,,,Outfitting,Dutch Guilder,
GK070,Expenditure,Value of ship before departure,6000,,,,,Outfitting,Dutch Guilder,
GK070,Expenditure,Insurance cargo,1374,,,,,Outfitting,Dutch Guilder,
GK070,Expenditure,Trade cargo costs,23186,,,,,Outfitting,Dutch Guilder,
GK070,Expenditure,Other expenses,3790,,,,,Outfitting,Dutch Guilder,
GK070,Return,Value of ship after voyage,4800,,,,,Return,Dutch Guilder,
GK070,Return,Bills of exchange sold,45823,,,,,Return,Dutch Guilder,
GK070,Return,Freight and passengers,5291,,,,,Return,Dutch Guilder,
GK070,Return,African goods sold,408,,,,,Return,Dutch Guilder,
GK070,Return,Returned trade cargo,111,,,,,Return,Dutch Guilder,
GK070,Expenditure,Wages crew (including bonuses),9158,,,,,Return,Dutch Guilder,
GK070,Expenditure,Other expenses,972,,,,,Return,Dutch Guilder,
GK071,Expenditure,Value of ship before departure,4800,,,,,Outfitting,Dutch Guilder,
GK071,Expenditure,Outfitting costs,11289,,,,,Outfitting,Dutch Guilder,
GK071,Expenditure,Advance crew payment,1236,,,,,Outfitting,Dutch Guilder,
GK071,Expenditure,Insurance hull,825,,,,,Outfitting,Dutch Guilder,
GK071,Expenditure,Insurance cargo,1470,,,,,Outfitting,Dutch Guilder,
GK071,Expenditure,Trade cargo costs,23885,,,,,Outfitting,Dutch Guilder,
GK071,Expenditure,Other expenses,3834,,,,,Outfitting,Dutch Guilder,
GK071,Return,Value of ship after voyage,4200,,,,,Return,Dutch Guilder,
GK071,Return,Bills of exchange sold,49410,,,,,Return,Dutch Guilder,
GK071,Return,Freight and passengers,897,,,,,Return,Dutch Guilder,
GK071,Return,Returned trade cargo,277,,,,,Return,Dutch Guilder,
GK071,Expenditure,Wages crew (including bonuses),9016,,,,,Return,Dutch Guilder,
GK071,Expenditure,Other expenses,413,,,,,Return,Dutch Guilder,
GK072,Expenditure,Value of ship before departure,33000,,,,,Outfitting,Dutch Guilder,
GK072,Expenditure,Outfitting costs,14005,,,,,Outfitting,Dutch Guilder,
GK072,Expenditure,Advance crew payment,1590,,,,,Outfitting,Dutch Guilder,
GK072,Expenditure,Insurance hull,4864,,,,,Outfitting,Dutch Guilder,
GK072,Expenditure,Insurance cargo,5682,,,,,Outfitting,Dutch Guilder,
GK072,Expenditure,Trade cargo costs,50243,,,,,Outfitting,Dutch Guilder,
GK072,Expenditure,Other expenses,6894,,,,,Outfitting,Dutch Guilder,
GK072,Return,Value of ship after voyage,30000,,,,,Return,Dutch Guilder,
GK072,Return,Bills of exchange sold,93205,,,,,Return,Dutch Guilder,
GK072,Return,Freight and passengers,400,,,,,Return,Dutch Guilder,
GK072,Return,African goods sold,14101,,,,,Return,Dutch Guilder,
GK072,Return,Insurance claim,7282,,,,,Return,Dutch Guilder,
GK072,Return,Returned trade cargo,37,,,,,Return,Dutch Guilder,
GK072,Expenditure,Wages crew (including bonuses),14904,,,,,Return,Dutch Guilder,
GK072,Expenditure,Insurance on return,1290,,,,,Return,Dutch Guilder,
GK072,Expenditure,Other expenses,6778,,,,,Return,Dutch Guilder,
GK073,Expenditure,Value of ship before departure,36000,,,,,Outfitting,Dutch Guilder,
GK073,Expenditure,Outfitting costs,13618,,,,,Outfitting,Dutch Guilder,
GK073,Expenditure,Advance crew payment,1644,,,,,Outfitting,Dutch Guilder,
GK073,Expenditure,Insurance hull,3037,,,,,Outfitting,Dutch Guilder,
GK073,Expenditure,Insurance cargo,4061,,,,,Outfitting,Dutch Guilder,
GK073,Expenditure,Trade cargo costs,50876,,,,,Outfitting,Dutch Guilder,
GK073,Expenditure,Other expenses,8961,,,,,Outfitting,Dutch Guilder,
GK073,Return,Value of ship after voyage,33000,,,,,Return,Dutch Guilder,
GK073,Return,Bills of exchange sold,133781,,,,,Return,Dutch Guilder,
GK073,Return,Plantation produce received,18483,,,,,Return,Dutch Guilder,
GK073,Return,Outstanding debts in colony,2908,,,,,Return,Dutch Guilder,
GK073,Return,African goods sold,5595,,,,,Return,Dutch Guilder,
GK073,Expenditure,Wages crew (including bonuses),18094,,,,,Return,Dutch Guilder,
GK073,Expenditure,Insurance on return,3317,,,,,Return,Dutch Guilder,
GK073,Expenditure,Other expenses,1431,,,,,Return,Dutch Guilder,
GK074,Expenditure,Value of ship before departure,33000,,,,,Outfitting,Dutch Guilder,
GK074,Expenditure,Outfitting costs,17587,,,,,Outfitting,Dutch Guilder,
GK074,Expenditure,Advance crew payment,1732,,,,,Outfitting,Dutch Guilder,
GK074,Expenditure,Insurance hull,4980,,,,,Outfitting,Dutch Guilder,
GK074,Expenditure,Insurance cargo,6738,,,,,Outfitting,Dutch Guilder,
GK074,Expenditure,Trade cargo costs,52645,,,,,Outfitting,Dutch Guilder,
GK074,Expenditure,Other expenses,9015,,,,,Outfitting,Dutch Guilder,
GK074,Return,Value of ship after voyage,30000,,,,,Return,Dutch Guilder,
GK074,Return,Bills of exchange sold,55264,,,,,Return,Dutch Guilder,
GK074,Return,Plantation produce received,16333,,,,,Return,Dutch Guilder,
GK074,Return,Outstanding debts in colony,7879,,,,,Return,Dutch Guilder,
GK074,Return,Other returns,3863,,,,,Return,Dutch Guilder,
GK074,Return,Freight and passengers,88,,,,,Return,Dutch Guilder,
GK074,Return,African goods sold,4604,,,,,Return,Dutch Guilder,
GK074,Return,Returned trade cargo,4884,,,,,Return,Dutch Guilder,
GK074,Expenditure,Wages crew (including bonuses),15551,,,,,Return,Dutch Guilder,
GK074,Expenditure,Insurance on return,1603,,,,,Return,Dutch Guilder,
GK074,Expenditure,Other expenses,2347,,,,,Return,Dutch Guilder,
GK075,Expenditure,Value of ship before departure,30000,,,,,Outfitting,Dutch Guilder,
GK075,Expenditure,Outfitting costs,13831,,,,,Outfitting,Dutch Guilder,
GK075,Expenditure,Advance crew payment,4602,,,,,Outfitting,Dutch Guilder,
GK075,Expenditure,Insurance hull,18266,,,,,Outfitting,Dutch Guilder,
GK075,Expenditure,Insurance cargo,12924,,,,,Outfitting,Dutch Guilder,
GK075,Expenditure,Trade cargo costs,58669,,,,,Outfitting,Dutch Guilder,
GK075,Expenditure,Other expenses,5656,,,,,Outfitting,Dutch Guilder,
GK075,Return,Bills of exchange sold,105887,,,,,Return,Dutch Guilder,
GK075,Return,Outstanding debts in colony,38498,,,,,Return,Dutch Guilder,
GK075,Expenditure,Wages crew (including bonuses),28684,,,,,Return,Dutch Guilder,
GK075,Expenditure,Other expenses,1316,,,,,Return,Dutch Guilder,
GK076,Expenditure,Value of ship before departure,27000,,,,,Outfitting,Dutch Guilder,
GK076,Expenditure,Outfitting costs,10393,,,,,Outfitting,Dutch Guilder,
GK076,Expenditure,Advance crew payment,1829,,,,,Outfitting,Dutch Guilder,
GK076,Expenditure,Insurance hull,1517,,,,,Outfitting,Dutch Guilder,
GK076,Expenditure,Insurance cargo,3022,,,,,Outfitting,Dutch Guilder,
GK076,Expenditure,Trade cargo costs,43140,,,,,Outfitting,Dutch Guilder,
GK076,Expenditure,Other expenses,6577,,,,,Outfitting,Dutch Guilder,
GK076,Return,Value of ship after voyage,24000,,,,,Return,Dutch Guilder,
GK076,Return,Bills of exchange sold,65210,,,,,Return,Dutch Guilder,
GK076,Return,Plantation produce received,2428,,,,,Return,Dutch Guilder,
GK076,Return,Outstanding debts in colony,7709,,,,,Return,Dutch Guilder,
GK076,Return,African goods sold,23018,,,,,Return,Dutch Guilder,
GK076,Expenditure,Wages crew (including bonuses),11653,,,,,Return,Dutch Guilder,
GK076,Expenditure,Other expenses,1364,,,,,Return,Dutch Guilder,
GK077,Expenditure,Value of ship before departure,9032,,,,,Outfitting,Dutch Guilder,
GK077,Expenditure,Outfitting costs,22582,,,,,Outfitting,Dutch Guilder,
GK077,Expenditure,Advance crew payment,1800,,,,,Outfitting,Dutch Guilder,
GK077,Expenditure,Insurance hull,1385,,,,,Outfitting,Dutch Guilder,
GK077,Expenditure,Insurance cargo,1670,,,,,Outfitting,Dutch Guilder,
GK077,Expenditure,Trade cargo costs,50440,,,,,Outfitting,Dutch Guilder,
GK077,Expenditure,Other expenses,8189,,,,,Outfitting,Dutch Guilder,
GK077,Return,Value of ship after voyage,9000,,,,,Return,Dutch Guilder,
GK077,Return,Bills of exchange sold,60609,,,,,Return,Dutch Guilder,
GK077,Return,Outstanding debts in colony,21828,,,,,Return,Dutch Guilder,
GK077,Return,Freight and passengers,4405,,,,,Return,Dutch Guilder,
GK077,Return,African goods sold,19748,,,,,Return,Dutch Guilder,
GK077,Expenditure,Wages crew (including bonuses),10789,,,,,Return,Dutch Guilder,
GK077,Expenditure,Insurance on return,568,,,,,Return,Dutch Guilder,
GK077,Expenditure,Other expenses,4505,,,,,Return,Dutch Guilder,
GK078,Expenditure,Value of ship before departure,12000,,,,,Outfitting,Dutch Guilder,
GK078,Expenditure,Outfitting costs,10485,,,,,Outfitting,Dutch Guilder,
GK078,Expenditure,Advance crew payment,1176,,,,,Outfitting,Dutch Guilder,
GK078,Expenditure,Insurance hull,1418,,,,,Outfitting,Dutch Guilder,
GK078,Expenditure,Insurance cargo,1468,,,,,Outfitting,Dutch Guilder,
GK078,Expenditure,Trade cargo costs,31853,,,,,Outfitting,Dutch Guilder,
GK078,Expenditure,Other expenses,5018,,,,,Outfitting,Dutch Guilder,
GK078,Return,Value of ship after voyage,9000,,,,,Return,Dutch Guilder,
GK078,Return,Bills of exchange sold,45880,,,,,Return,Dutch Guilder,
GK078,Return,Freight and passengers,3419,,,,,Return,Dutch Guilder,
GK078,Return,Insurance claim,3576,,,,,Return,Dutch Guilder,
GK078,Expenditure,Wages crew (including bonuses),10320,,,,,Return,Dutch Guilder,
GK078,Expenditure,Insurance on return,70,,,,,Return,Dutch Guilder,
GK078,Expenditure,Other expenses,1795,,,,,Return,Dutch Guilder,
GK079,Expenditure,Value of ship before departure,3000,,,,,Outfitting,Dutch Guilder,
GK079,Expenditure,Outfitting costs,16429,,,,,Outfitting,Dutch Guilder,
GK079,Expenditure,Advance crew payment,1378,,,,,Outfitting,Dutch Guilder,
GK079,Expenditure,Insurance hull,1092,,,,,Outfitting,Dutch Guilder,
GK079,Expenditure,Insurance cargo,1101,,,,,Outfitting,Dutch Guilder,
GK079,Expenditure,Trade cargo costs,30621,,,,,Outfitting,Dutch Guilder,
GK079,Expenditure,Other expenses,5297,,,,,Outfitting,Dutch Guilder,
GK079,Return,Value of ship after voyage,3000,,,,,Return,Dutch Guilder,
GK079,Return,Bills of exchange sold,70840,,,,,Return,Dutch Guilder,
GK079,Return,Freight and passengers,3190,,,,,Return,Dutch Guilder,
GK079,Return,African goods sold,166,,,,,Return,Dutch Guilder,
GK079,Expenditure,Wages crew (including bonuses),9823,,,,,Return,Dutch Guilder,
GK079,Expenditure,Other expenses,2875,,,,,Return,Dutch Guilder,
GK080,Expenditure,Value of ship before departure,3000,,,,,Outfitting,Dutch Guilder,
GK080,Expenditure,Outfitting costs,15198,,,,,Outfitting,Dutch Guilder,
GK080,Expenditure,Advance crew payment,1376,,,,,Outfitting,Dutch Guilder,
GK080,Expenditure,Insurance hull,825,,,,,Outfitting,Dutch Guilder,
GK080,Expenditure,Insurance cargo,1108,,,,,Outfitting,Dutch Guilder,
GK080,Expenditure,Trade cargo costs,32366,,,,,Outfitting,Dutch Guilder,
GK080,Expenditure,Other expenses,5794,,,,,Outfitting,Dutch Guilder,
GK080,Return,Value of ship after voyage,2478,,,,,Return,Dutch Guilder,
GK080,Return,Plantation produce received,920,,,,,Return,Dutch Guilder,
GK080,Return,Outstanding claims,56314,credit,,,,Return,Dutch Guilder,
GK080,Return,Freight and passengers,2848,,,,,Return,Dutch Guilder,
GK080,Return,African goods sold,8014,,,,,Return,Dutch Guilder,
GK080,Expenditure,Wages crew (including bonuses),11040,,,,,Return,Dutch Guilder,
GK080,Expenditure,Other expenses,3015,,,,,Return,Dutch Guilder,
GK081,Expenditure,Value of ship before departure,9000,,,,,Outfitting,Dutch Guilder,
GK081,Expenditure,Outfitting costs,11718,,,,,Outfitting,Dutch Guilder,
GK081,Expenditure,Advance crew payment,1274,,,,,Outfitting,Dutch Guilder,
GK081,Expenditure,Insurance hull,1467,,,,,Outfitting,Dutch Guilder,
GK081,Expenditure,Insurance cargo,1468,,,,,Outfitting,Dutch Guilder,
GK081,Expenditure,Trade cargo costs,27423,,,,,Outfitting,Dutch Guilder,
GK081,Expenditure,Other expenses,5997,,,,,Outfitting,Dutch Guilder,
GK081,Return,Value of ship after voyage,6000,,,,,Return,Dutch Guilder,
GK081,Return,Bills of exchange sold,37121,,,,,Return,Dutch Guilder,
GK081,Return,Bills of exchange protested,606,,,,,Return,Dutch Guilder,
GK081,Return,Plantation produce received,1196,,,,,Return,Dutch Guilder,
GK081,Return,Freight and passengers,304,,,,,Return,Dutch Guilder,
GK081,Return,African goods sold,175,,,,,Return,Dutch Guilder,
GK081,Expenditure,Wages crew (including bonuses),9959,,,,,Return,Dutch Guilder,
GK081,Expenditure,Other expenses,572,,,,,Return,Dutch Guilder,
GK082,Expenditure,Value of ship before departure,6000,,,,,Outfitting,Dutch Guilder,
GK082,Expenditure,Outfitting costs,12818,,,,,Outfitting,Dutch Guilder,
GK082,Expenditure,Advance crew payment,1861,,,,,Outfitting,Dutch Guilder,
GK082,Expenditure,Insurance hull,1339,,,,,Outfitting,Dutch Guilder,
GK082,Expenditure,Insurance cargo,1468,,,,,Outfitting,Dutch Guilder,
GK082,Expenditure,Trade cargo costs,28061,,,,,Outfitting,Dutch Guilder,
GK082,Expenditure,Other expenses,7567,,,,,Outfitting,Dutch Guilder,
GK082,Return,Value of ship after voyage,3000,,,,,Return,Dutch Guilder,
GK082,Return,Plantation produce received,87068,,,,,Return,Dutch Guilder,
GK082,Return,Outstanding claims,54659,credit,,,,Return,Dutch Guilder,
GK082,Return,Returned trade cargo,269,,,,,Return,Dutch Guilder,
GK082,Expenditure,Wages crew (including bonuses),10293,,,,,Return,Dutch Guilder,
GK082,Expenditure,Insurance on return,3405,,,,,Return,Dutch Guilder,
GK082,Expenditure,Other expenses,4182,,,,,Return,Dutch Guilder,
GK083,Expenditure,Value of ship before departure,3000,,,,,Outfitting,Dutch Guilder,
GK083,Expenditure,Outfitting costs,11776,,,,,Outfitting,Dutch Guilder,
GK083,Expenditure,Advance crew payment,2068,,,,,Outfitting,Dutch Guilder,
GK083,Expenditure,Insurance hull,1095,,,,,Outfitting,Dutch Guilder,
GK083,Expenditure,Insurance cargo,1407,,,,,Outfitting,Dutch Guilder,
GK083,Expenditure,Trade cargo costs,32667,,,,,Outfitting,Dutch Guilder,
GK083,Expenditure,Other expenses,6065,,,,,Outfitting,Dutch Guilder,
GK083,Return,Plantation produce received,67123,,,,,Return,Dutch Guilder,
GK083,Return,Outstanding claims,16100,credit,,,,Return,Dutch Guilder,
GK083,Return,Returned trade cargo,4529,,,,,Return,Dutch Guilder,
GK083,Expenditure,Wages crew (including bonuses),11984,,,,,Return,Dutch Guilder,
GK083,Expenditure,Insurance on return,1576,,,,,Return,Dutch Guilder,
GK083,Expenditure,Other expenses,2658,,,,,Return,Dutch Guilder,
GK084,Expenditure,Outfitting costs,15767,,,,,Outfitting,Dutch Guilder,
GK084,Expenditure,Advance crew payment,2026,,,,,Outfitting,Dutch Guilder,
GK084,Expenditure,Insurance hull,1346,,,,,Outfitting,Dutch Guilder,
GK084,Expenditure,Insurance cargo,1117,,,,,Outfitting,Dutch Guilder,
GK084,Expenditure,Trade cargo costs,33923,,,,,Outfitting,Dutch Guilder,
GK084,Expenditure,Other expenses,6149,,,,,Outfitting,Dutch Guilder,
GK084,Return,Value of ship after voyage,7200,,,,,Return,Dutch Guilder,
GK084,Return,Bills of exchange sold,78259,,,,,Return,Dutch Guilder,
GK084,Return,Bills of exchange protested,4320,,,,,Return,Dutch Guilder,
GK084,Return,Outstanding claims,525,credit,,,,Return,Dutch Guilder,
GK084,Return,Freight and passengers,6134,,,,,Return,Dutch Guilder,
GK084,Return,Insurance claim,2594,,,,,Return,Dutch Guilder,
GK084,Expenditure,Wages crew (including bonuses),11829,,,,,Return,Dutch Guilder,
GK084,Expenditure,Insurance on return,73,,,,,Return,Dutch Guilder,
GK084,Expenditure,Other expenses,581,,,,,Return,Dutch Guilder,
GK085,Expenditure,Value of ship before departure,7200,,,,,Outfitting,Dutch Guilder,
GK085,Expenditure,Outfitting costs,15830,,,,,Outfitting,Dutch Guilder,
GK085,Expenditure,Advance crew payment,1485,,,,,Outfitting,Dutch Guilder,
GK085,Expenditure,Insurance hull,834,,,,,Outfitting,Dutch Guilder,
GK085,Expenditure,Insurance cargo,1493,,,,,Outfitting,Dutch Guilder,
GK085,Expenditure,Trade cargo costs,34376,,,,,Outfitting,Dutch Guilder,
GK085,Expenditure,Other expenses,6579,,,,,Outfitting,Dutch Guilder,
GK085,Return,Value of ship after voyage,6600,,,,,Return,Dutch Guilder,
GK085,Return,Outstanding claims,63916,credit,,,,Return,Dutch Guilder,
GK085,Return,Returned trade cargo,4,,,,,Return,Dutch Guilder,
GK085,Expenditure,Wages crew (including bonuses),11438,,,,,Return,Dutch Guilder,
GK085,Expenditure,Other expenses,5181,,,,,Return,Dutch Guilder,
GK086,Expenditure,Value of ship before departure,6600,,,,,Outfitting,Dutch Guilder,
GK086,Expenditure,Outfitting costs,20257,,,,,Outfitting,Dutch Guilder,
GK086,Expenditure,Advance crew payment,1622,,,,,Outfitting,Dutch Guilder,
GK086,Expenditure,Insurance hull,830,,,,,Outfitting,Dutch Guilder,
GK086,Expenditure,Insurance cargo,1485,,,,,Outfitting,Dutch Guilder,
GK086,Expenditure,Trade cargo costs,37065,,,,,Outfitting,Dutch Guilder,
GK086,Expenditure,Other expenses,6101,,,,,Outfitting,Dutch Guilder,
GK086,Return,Value of ship after voyage,4800,,,,,Return,Dutch Guilder,
GK086,Return,Bills of exchange sold,66864,,,,,Return,Dutch Guilder,
GK086,Return,Outstanding claims,124,credit,,,,Return,Dutch Guilder,
GK086,Return,Freight and passengers,100,,,,,Return,Dutch Guilder,
GK086,Return,Returned trade cargo,687,,,,,Return,Dutch Guilder,
GK086,Expenditure,Wages crew (including bonuses),10969,,,,,Return,Dutch Guilder,
GK086,Expenditure,Other expenses,2927,,,,,Return,Dutch Guilder,
GK087,Expenditure,Value of ship before departure,4800,,,,,Outfitting,Dutch Guilder,
GK087,Expenditure,Outfitting costs,17632,,,,,Outfitting,Dutch Guilder,
GK087,Expenditure,Advance crew payment,1727,,,,,Outfitting,Dutch Guilder,
GK087,Expenditure,Insurance hull,830,,,,,Outfitting,Dutch Guilder,
GK087,Expenditure,Insurance cargo,1301,,,,,Outfitting,Dutch Guilder,
GK087,Expenditure,Trade cargo costs,39320,,,,,Outfitting,Dutch Guilder,
GK087,Expenditure,Other expenses,6448,,,,,Outfitting,Dutch Guilder,
GK087,Return,Value of ship after voyage,2400,,,,,Return,Dutch Guilder,
GK087,Return,Bills of exchange sold,50121,,,,,Return,Dutch Guilder,
GK087,Return,Outstanding claims,35994,credit,,,,Return,Dutch Guilder,
GK087,Return,Returned trade cargo,1035,,,,,Return,Dutch Guilder,
GK087,Expenditure,Wages crew (including bonuses),11132,,,,,Return,Dutch Guilder,
GK087,Expenditure,Other expenses,1235,,,,,Return,Dutch Guilder,
GK088,Expenditure,Value of ship before departure,2400,,,,,Outfitting,Dutch Guilder,
GK088,Expenditure,Outfitting costs,17660,,,,,Outfitting,Dutch Guilder,
GK088,Expenditure,Advance crew payment,1862,,,,,Outfitting,Dutch Guilder,
GK088,Expenditure,Insurance hull,816,,,,,Outfitting,Dutch Guilder,
GK088,Expenditure,Insurance cargo,1470,,,,,Outfitting,Dutch Guilder,
GK088,Expenditure,Trade cargo costs,36715,,,,,Outfitting,Dutch Guilder,
GK088,Expenditure,Other expenses,6813,,,,,Outfitting,Dutch Guilder,
GK088,Return,Outstanding claims,48315,credit,,,,Return,Dutch Guilder,
GK088,Return,Returned trade cargo,104,,,,,Return,Dutch Guilder,
GK088,Return,Sale of ship,2937,,,,,Return,Dutch Guilder,
GK088,Expenditure,Wages crew (including bonuses),10612,,,,,Return,Dutch Guilder,
GK088,Expenditure,Other expenses,3273,,,,,Return,Dutch Guilder,
GK089,Expenditure,Value of ship before departure,33000,,,,,Outfitting,Dutch Guilder,
GK089,Expenditure,Outfitting costs,16122,,,,,Outfitting,Dutch Guilder,
GK089,Expenditure,Advance crew payment,1833,,,,,Outfitting,Dutch Guilder,
GK089,Expenditure,Insurance hull,1664,,,,,Outfitting,Dutch Guilder,
GK089,Expenditure,Insurance cargo,1854,,,,,Outfitting,Dutch Guilder,
GK089,Expenditure,Trade cargo costs,73289,,,,,Outfitting,Dutch Guilder,
GK089,Expenditure,Other expenses,6935,,,,,Outfitting,Dutch Guilder,
GK089,Return,Value of ship after voyage,30000,,,,,Return,Dutch Guilder,
GK089,Return,Bills of exchange sold,100202,,,,,Return,Dutch Guilder,
GK089,Return,Outstanding claims,28473,credit,,,,Return,Dutch Guilder,
GK089,Return,Freight and passengers,3299,,,,,Return,Dutch Guilder,
GK089,Expenditure,Wages crew (including bonuses),13196,,,,,Return,Dutch Guilder,
GK089,Expenditure,Other expenses,2255,,,,,Return,Dutch Guilder,
GK090,Expenditure,Value of ship before departure,3153,,,,,Outfitting,Dutch Guilder,
GK090,Expenditure,Outfitting costs,16114,,,,,Outfitting,Dutch Guilder,
GK090,Expenditure,Advance crew payment,1352,,,,,Outfitting,Dutch Guilder,
GK090,Expenditure,Insurance hull,830,,,,,Outfitting,Dutch Guilder,
GK090,Expenditure,Insurance cargo,1116,,,,,Outfitting,Dutch Guilder,
GK090,Expenditure,Trade cargo costs,27339,,,,,Outfitting,Dutch Guilder,
GK090,Expenditure,Other expenses,4724,,,,,Outfitting,Dutch Guilder,
GK090,Return,Value of ship after voyage,6000,,,,,Return,Dutch Guilder,
GK090,Return,Bills of exchange sold,75706,,,,,Return,Dutch Guilder,
GK090,Return,Outstanding claims,3810,,,,,Return,Dutch Guilder,
GK090,Return,Freight and passengers,500,,,,,Return,Dutch Guilder,
GK090,Expenditure,Wages crew (including bonuses),9015,,,,,Return,Dutch Guilder,
GK090,Expenditure,Other expenses,1351,,,,,Return,Dutch Guilder,
GK091,Expenditure,Value of ship before departure,6000,,,,,Outfitting,Dutch Guilder,
GK091,Expenditure,Outfitting costs,11685,,,,,Outfitting,Dutch Guilder,
GK091,Expenditure,Advance crew payment,1358,,,,,Outfitting,Dutch Guilder,
GK091,Expenditure,Insurance hull,816,,,,,Outfitting,Dutch Guilder,
GK091,Expenditure,Insurance cargo,1101,,,,,Outfitting,Dutch Guilder,
GK091,Expenditure,Trade cargo costs,35579,,,,,Outfitting,Dutch Guilder,
GK091,Expenditure,Other expenses,5199,,,,,Outfitting,Dutch Guilder,
GK091,Return,Value of ship after voyage,5400,,,,,Return,Dutch Guilder,
GK091,Return,Bills of exchange sold,48848,,,,,Return,Dutch Guilder,
GK091,Return,Outstanding claims,10316,credit,,,,Return,Dutch Guilder,
GK091,Return,Returned trade cargo,484,,,,,Return,Dutch Guilder,
GK091,Expenditure,Wages crew (including bonuses),6991,,,,,Return,Dutch Guilder,
GK091,Expenditure,Other expenses,3010,,,,,Return,Dutch Guilder,
GK092,Expenditure,Value of ship before departure,5400,,,,,Outfitting,Dutch Guilder,
GK092,Expenditure,Outfitting costs,13063,,,,,Outfitting,Dutch Guilder,
GK092,Expenditure,Advance crew payment,1360,,,,,Outfitting,Dutch Guilder,
GK092,Expenditure,Insurance hull,816,,,,,Outfitting,Dutch Guilder,
GK092,Expenditure,Insurance cargo,1100,,,,,Outfitting,Dutch Guilder,
GK092,Expenditure,Trade cargo costs,29648,,,,,Outfitting,Dutch Guilder,
GK092,Expenditure,Other expenses,5551,,,,,Outfitting,Dutch Guilder,
GK092,Return,Value of ship after voyage,2579,,,,,Return,Dutch Guilder,
GK092,Return,Bills of exchange sold,20563,,,,,Return,Dutch Guilder,
GK092,Return,Outstanding claims,46662,credit,,,,Return,Dutch Guilder,
GK092,Return,Freight and passengers,200,,,,,Return,Dutch Guilder,
GK092,Expenditure,Wages crew (including bonuses),7786,,,,,Return,Dutch Guilder,
GK092,Expenditure,Other expenses,954,,,,,Return,Dutch Guilder,
GK093,Expenditure,Value of ship before departure,15000,,,,,Outfitting,Dutch Guilder,
GK093,Expenditure,Outfitting costs,12351,,,,,Outfitting,Dutch Guilder,
GK093,Expenditure,Advance crew payment,1360,,,,,Outfitting,Dutch Guilder,
GK093,Expenditure,Insurance hull,1107,,,,,Outfitting,Dutch Guilder,
GK093,Expenditure,Insurance cargo,1301,,,,,Outfitting,Dutch Guilder,
GK093,Expenditure,Trade cargo costs,30185,,,,,Outfitting,Dutch Guilder,
GK093,Expenditure,Other expenses,4393,,,,,Outfitting,Dutch Guilder,
GK093,Return,Value of ship after voyage,12000,,,,,Return,Dutch Guilder,
GK093,Return,Bills of exchange sold,15920,,,,,Return,Dutch Guilder,
GK093,Return,African goods sold,50022,,,,,Return,Dutch Guilder,
GK093,Return,Insurance claim,3934,,,,,Return,Dutch Guilder,
GK093,Return,Returned trade cargo,1380,,,,,Return,Dutch Guilder,
GK093,Expenditure,Wages crew (including bonuses),8411,,,,,Return,Dutch Guilder,
GK093,Expenditure,Insurance on return,757,,,,,Return,Dutch Guilder,
GK093,Expenditure,Other expenses,2090,,,,,Return,Dutch Guilder,
GK094,Expenditure,Value of ship before departure,12000,,,,,Outfitting,Dutch Guilder,
GK094,Expenditure,Outfitting costs,14064,,,,,Outfitting,Dutch Guilder,
GK094,Expenditure,Advance crew payment,1388,,,,,Outfitting,Dutch Guilder,
GK094,Expenditure,Insurance hull,1107,,,,,Outfitting,Dutch Guilder,
GK094,Expenditure,Insurance cargo,1116,,,,,Outfitting,Dutch Guilder,
GK094,Expenditure,Trade cargo costs,31089,,,,,Outfitting,Dutch Guilder,
GK094,Expenditure,Other expenses,4604,,,,,Outfitting,Dutch Guilder,
GK094,Return,Value of ship after voyage,9000,,,,,Return,Dutch Guilder,
GK094,Return,Bills of exchange sold,42863,,,,,Return,Dutch Guilder,
GK094,Return,African goods sold,15886,,,,,Return,Dutch Guilder,
GK094,Return,Insurance claim,1140,,,,,Return,Dutch Guilder,
GK094,Expenditure,Wages crew (including bonuses),9082,,,,,Return,Dutch Guilder,
GK094,Expenditure,Insurance on return,190,,,,,Return,Dutch Guilder,
GK094,Expenditure,Other expenses,3408,,,,,Return,Dutch Guilder,
GK095,Expenditure,Value of ship before departure,9000,,,,,Outfitting,Dutch Guilder,
GK095,Expenditure,Outfitting costs,13005,,,,,Outfitting,Dutch Guilder,
GK095,Expenditure,Advance crew payment,2069,,,,,Outfitting,Dutch Guilder,
GK095,Expenditure,Insurance hull,885,,,,,Outfitting,Dutch Guilder,
GK095,Expenditure,Insurance cargo,1116,,,,,Outfitting,Dutch Guilder,
GK095,Expenditure,Trade cargo costs,24908,,,,,Outfitting,Dutch Guilder,
GK095,Expenditure,Other expenses,5115,,,,,Outfitting,Dutch Guilder,
GK095,Return,Outstanding claims,29984,credit,,,,Return,Dutch Guilder,
GK095,Return,African goods sold,15578,,,,,Return,Dutch Guilder,
GK095,Return,Insurance claim,2135,,,,,Return,Dutch Guilder,
GK095,Return,Returned trade cargo,2353,,,,,Return,Dutch Guilder,
GK095,Return,Sale of ship,2924,,,,,Return,Dutch Guilder,
GK095,Expenditure,Wages crew (including bonuses),11425,,,,,Return,Dutch Guilder,
GK095,Expenditure,Other expenses,5614,,,,,Return,Dutch Guilder,
GK096,Expenditure,Value of ship before departure,42000,,,,,Outfitting,Dutch Guilder,
GK096,Expenditure,Outfitting costs,7573,,,,,Outfitting,Dutch Guilder,
GK096,Expenditure,Advance crew payment,1616,,,,,Outfitting,Dutch Guilder,
GK096,Expenditure,Insurance hull,5609,,,,,Outfitting,Dutch Guilder,
GK096,Expenditure,Insurance cargo,6276,,,,,Outfitting,Dutch Guilder,
GK096,Expenditure,Trade cargo costs,50517,,,,,Outfitting,Dutch Guilder,
GK096,Expenditure,Other expenses,9913,,,,,Outfitting,Dutch Guilder,
GK096,Return,Value of ship after voyage,36000,,,,,Return,Dutch Guilder,
GK096,Return,Bills of exchange sold,25070,,,,,Return,Dutch Guilder,
GK096,Return,Plantation produce received,16689,,,,,Return,Dutch Guilder,
GK096,Return,Freight and passengers,5143,,,,,Return,Dutch Guilder,
GK096,Return,African goods sold,7492,,,,,Return,Dutch Guilder,
GK096,Return,Insurance claim,12412,,,,,Return,Dutch Guilder,
GK096,Return,Returned trade cargo,2888,,,,,Return,Dutch Guilder,
GK096,Expenditure,Wages crew (including bonuses),15964,,,,,Return,Dutch Guilder,
GK096,Expenditure,Insurance on return,5813,,,,,Return,Dutch Guilder,
GK096,Expenditure,Other expenses,9051,,,,,Return,Dutch Guilder,
GK097,Expenditure,Value of ship before departure,29620,,,,,Outfitting,Dutch Guilder,
GK097,Expenditure,Outfitting costs,24288,,,,,Outfitting,Dutch Guilder,
GK097,Expenditure,Advance crew payment,1621,,,,,Outfitting,Dutch Guilder,
GK097,Expenditure,Insurance hull,5130,,,,,Outfitting,Dutch Guilder,
GK097,Expenditure,Insurance cargo,5130,,,,,Outfitting,Dutch Guilder,
GK097,Expenditure,Trade cargo costs,41300,,,,,Outfitting,Dutch Guilder,
GK097,Expenditure,Other expenses,4809,,,,,Outfitting,Dutch Guilder,
GK097,Return,Value of ship after voyage,30000,,,,,Return,Dutch Guilder,
GK097,Return,Bills of exchange sold,83628,,,,,Return,Dutch Guilder,
GK097,Return,Plantation produce received,121,,,,,Return,Dutch Guilder,
GK097,Return,African goods sold,4468,,,,,Return,Dutch Guilder,
GK097,Return,Returned trade cargo,1081,,,,,Return,Dutch Guilder,
GK097,Expenditure,Wages crew (including bonuses),15966,,,,,Return,Dutch Guilder,
GK097,Expenditure,Insurance on return,15,,,,,Return,Dutch Guilder,
GK097,Expenditure,Other expenses,1278,,,,,Return,Dutch Guilder,
GK098,Expenditure,Value of ship before departure,36000,,,,,Outfitting,Dutch Guilder,
GK098,Expenditure,Outfitting costs,13950,,,,,Outfitting,Dutch Guilder,
GK098,Expenditure,Advance crew payment,2035,,,,,Outfitting,Dutch Guilder,
GK098,Expenditure,Insurance hull,2014,,,,,Outfitting,Dutch Guilder,
GK098,Expenditure,Insurance cargo,2372,,,,,Outfitting,Dutch Guilder,
GK098,Expenditure,Trade cargo costs,51957,,,,,Outfitting,Dutch Guilder,
GK098,Expenditure,Other expenses,8070,,,,,Outfitting,Dutch Guilder,
GK098,Return,Value of ship after voyage,33000,,,,,Return,Dutch Guilder,
GK098,Return,Bills of exchange sold,33618,,,,,Return,Dutch Guilder,
GK098,Return,Plantation produce received,27920,,,,,Return,Dutch Guilder,
GK098,Return,Outstanding claims,10450,,,,,Return,Dutch Guilder,
GK098,Return,Freight and passengers,9595,,,,,Return,Dutch Guilder,
GK098,Return,African goods sold,29794,,,,,Return,Dutch Guilder,
GK098,Return,Returned trade cargo,20,,,,,Return,Dutch Guilder,
GK098,Expenditure,Wages crew (including bonuses),15555,,,,,Return,Dutch Guilder,
GK098,Expenditure,Insurance on return,2265,,,,,Return,Dutch Guilder,
GK098,Expenditure,Other expenses,5994,,,,,Return,Dutch Guilder,
